userId,repoId,rating
28,1,1
50,1,1
54,1,1
60,1,1
82,1,1
97,1,1
131,1,1
233,1,1
263,1,1
379,1,1
403,1,1
418,1,1
446,1,1
551,1,1
556,1,1
559,1,1
675,1,1
707,1,1
735,1,1
764,1,1
813,1,1
853,1,1
921,1,1
947,1,1
963,1,1
1015,1,1
1221,1,1
1282,1,1
1304,1,1
1308,1,1
1316,1,1
1351,1,1
1484,1,1
1501,1,1
1503,1,1
1567,1,1
1681,1,1
1714,1,1
1745,1,1
1777,1,1
1790,1,1
1914,1,1
1960,1,1
2073,1,1
2133,1,1
2137,1,1
2158,1,1
2175,1,1
2254,1,1
2324,1,1
2337,1,1
2434,1,1
2473,1,1
2474,1,1
2495,1,1
2520,1,1
2525,1,1
2563,1,1
2586,1,1
2601,1,1
2674,1,1
2691,1,1
2800,1,1
2807,1,1
2818,1,1
2838,1,1
2847,1,1
2913,1,1
2953,1,1
3042,1,1
3140,1,1
3144,1,1
3209,1,1
3238,1,1
3261,1,1
3265,1,1
3270,1,1
3320,1,1
3329,1,1
3377,1,1
3487,1,1
3531,1,1
3605,1,1
3897,1,1
3964,1,1
4105,1,1
4117,1,1
4277,1,1
4285,1,1
4317,1,1
4491,1,1
4683,1,1
4722,1,1
4845,1,1
5013,1,1
5140,1,1
5290,1,1
5306,1,1
5356,1,1
5383,1,1
5412,1,1
5475,1,1
5485,1,1
5498,1,1
5564,1,1
5569,1,1
5599,1,1
5783,1,1
5793,1,1
5809,1,1
5830,1,1
5974,1,1
5983,1,1
6104,1,1
6126,1,1
6241,1,1
6243,1,1
6281,1,1
6308,1,1
6424,1,1
6691,1,1
6739,1,1
6748,1,1
6783,1,1
6871,1,1
6927,1,1
6944,1,1
7072,1,1
7255,1,1
7355,1,1
7362,1,1
7389,1,1
7416,1,1
7614,1,1
7616,1,1
7663,1,1
7688,1,1
7729,1,1
7771,1,1
7774,1,1
7847,1,1
7851,1,1
7935,1,1
7999,1,1
8055,1,1
8072,1,1
8096,1,1
8151,1,1
8242,1,1
8280,1,1
8295,1,1
8301,1,1
8351,1,1
8444,1,1
8486,1,1
8617,1,1
8654,1,1
8657,1,1
8751,1,1
8813,1,1
8817,1,1
8877,1,1
8906,1,1
8916,1,1
9313,1,1
9352,1,1
9365,1,1
9388,1,1
9435,1,1
9445,1,1
9469,1,1
9531,1,1
9577,1,1
9676,1,1
9857,1,1
9874,1,1
9894,1,1
10088,1,1
10123,1,1
10154,1,1
10194,1,1
10304,1,1
10325,1,1
10328,1,1
10360,1,1
10437,1,1
10445,1,1
10496,1,1
10529,1,1
10593,1,1
10698,1,1
10832,1,1
10895,1,1
10922,1,1
10979,1,1
11013,1,1
11109,1,1
11243,1,1
11325,1,1
11401,1,1
11452,1,1
11516,1,1
11567,1,1
11604,1,1
11664,1,1
11678,1,1
11747,1,1
11923,1,1
11953,1,1
12272,1,1
12291,1,1
12405,1,1
12411,1,1
12425,1,1
12482,1,1
12485,1,1
12547,1,1
12864,1,1
12961,1,1
13036,1,1
13056,1,1
13096,1,1
13468,1,1
13483,1,1
13537,1,1
13571,1,1
13647,1,1
13673,1,1
13803,1,1
13854,1,1
14095,1,1
14238,1,1
14247,1,1
14391,1,1
14531,1,1
14548,1,1
14725,1,1
14739,1,1
14778,1,1
14836,1,1
14971,1,1
14982,1,1
15010,1,1
15014,1,1
15016,1,1
15200,1,1
15259,1,1
15289,1,1
15486,1,1
15508,1,1
15611,1,1
15667,1,1
15757,1,1
15915,1,1
16102,1,1
16129,1,1
16168,1,1
16171,1,1
16185,1,1
16195,1,1
16281,1,1
16310,1,1
16381,1,1
16425,1,1
16448,1,1
16540,1,1
16555,1,1
16575,1,1
16812,1,1
16862,1,1
16887,1,1
17266,1,1
17302,1,1
17317,1,1
17318,1,1
17337,1,1
17344,1,1
17417,1,1
17473,1,1
17562,1,1
17590,1,1
17633,1,1
17661,1,1
17673,1,1
17861,1,1
18137,1,1
18162,1,1
18174,1,1
18237,1,1
18301,1,1
18356,1,1
18407,1,1
18471,1,1
18532,1,1
18553,1,1
18585,1,1
18614,1,1
18621,1,1
18692,1,1
18697,1,1
18701,1,1
18731,1,1
18854,1,1
18892,1,1
19008,1,1
19055,1,1
19242,1,1
19713,1,1
19759,1,1
19933,1,1
20173,1,1
20208,1,1
20277,1,1
20459,1,1
20521,1,1
20599,1,1
20631,1,1
20706,1,1
20720,1,1
20913,1,1
21065,1,1
21141,1,1
21151,1,1
21236,1,1
21277,1,1
21400,1,1
21404,1,1
21481,1,1
21496,1,1
21700,1,1
21952,1,1
22163,1,1
22445,1,1
22489,1,1
22833,1,1
22863,1,1
22907,1,1
23064,1,1
23070,1,1
23125,1,1
23126,1,1
23269,1,1
23283,1,1
23350,1,1
23509,1,1
23554,1,1
23605,1,1
24019,1,1
24020,1,1
24206,1,1
24430,1,1
24865,1,1
25167,1,1
25290,1,1
25348,1,1
25379,1,1
25449,1,1
25526,1,1
25881,1,1
26037,1,1
26179,1,1
26264,1,1
26346,1,1
26463,1,1
26532,1,1
26619,1,1
26652,1,1
26681,1,1
27152,1,1
27252,1,1
27869,1,1
27946,1,1
28187,1,1
28366,1,1
28407,1,1
28570,1,1
28853,1,1
28925,1,1
29013,1,1
29088,1,1
29101,1,1
29146,1,1
29181,1,1
29220,1,1
29392,1,1
29401,1,1
29435,1,1
29451,1,1
29550,1,1
29782,1,1
29794,1,1
29944,1,1
30185,1,1
30295,1,1
30302,1,1
30319,1,1
30328,1,1
30357,1,1
30413,1,1
30416,1,1
30820,1,1
30934,1,1
30956,1,1
31567,1,1
31600,1,1
31646,1,1
31660,1,1
31675,1,1
31699,1,1
31866,1,1
31911,1,1
31975,1,1
31996,1,1
32003,1,1
32102,1,1
32283,1,1
32360,1,1
32428,1,1
32471,1,1
32524,1,1
32658,1,1
32725,1,1
32772,1,1
32914,1,1
33015,1,1
33016,1,1
33054,1,1
33171,1,1
33286,1,1
33288,1,1
33304,1,1
33328,1,1
33356,1,1
33409,1,1
33452,1,1
33498,1,1
33561,1,1
33571,1,1
33596,1,1
33626,1,1
33634,1,1
33828,1,1
33852,1,1
33883,1,1
33905,1,1
33939,1,1
34045,1,1
34139,1,1
34228,1,1
34240,1,1
34281,1,1
34304,1,1
34374,1,1
34375,1,1
34381,1,1
34387,1,1
34405,1,1
34462,1,1
34523,1,1
34549,1,1
34695,1,1
34794,1,1
34846,1,1
34911,1,1
34916,1,1
35178,1,1
35194,1,1
35279,1,1
35292,1,1
35329,1,1
35377,1,1
35414,1,1
35430,1,1
35439,1,1
35470,1,1
35473,1,1
35551,1,1
35579,1,1
35647,1,1
35651,1,1
35702,1,1
35787,1,1
35802,1,1
35819,1,1
35828,1,1
35842,1,1
35874,1,1
35886,1,1
35977,1,1
36010,1,1
36184,1,1
36187,1,1
36194,1,1
36198,1,1
36232,1,1
36248,1,1
36304,1,1
36343,1,1
36349,1,1
36387,1,1
36389,1,1
36429,1,1
36456,1,1
36462,1,1
36496,1,1
36528,1,1
36584,1,1
36629,1,1
36633,1,1
36690,1,1
36694,1,1
36707,1,1
36740,1,1
36748,1,1
36752,1,1
36755,1,1
36804,1,1
36817,1,1
36821,1,1
36841,1,1
36856,1,1
36885,1,1
36916,1,1
36950,1,1
36954,1,1
36967,1,1
36974,1,1
37030,1,1
37043,1,1
37058,1,1
37076,1,1
37129,1,1
37159,1,1
37163,1,1
37165,1,1
37254,1,1
37261,1,1
37296,1,1
37320,1,1
37325,1,1
37361,1,1
37423,1,1
37426,1,1
37463,1,1
37489,1,1
37490,1,1
37496,1,1
37624,1,1
37654,1,1
37696,1,1
37716,1,1
37717,1,1
37750,1,1
37757,1,1
37898,1,1
37911,1,1
37918,1,1
37968,1,1
37984,1,1
38218,1,1
38285,1,1
38363,1,1
38410,1,1
38531,1,1
38551,1,1
38565,1,1
38763,1,1
38772,1,1
38826,1,1
38865,1,1
38927,1,1
38937,1,1
38966,1,1
38981,1,1
38999,1,1
39007,1,1
39056,1,1
39066,1,1
39080,1,1
39084,1,1
39102,1,1
39126,1,1
39140,1,1
39144,1,1
39199,1,1
39219,1,1
39224,1,1
39239,1,1
39281,1,1
39286,1,1
39296,1,1
39315,1,1
39320,1,1
39322,1,1
39334,1,1
39539,1,1
39584,1,1
39661,1,1
39795,1,1
39841,1,1
39873,1,1
39911,1,1
39998,1,1
40005,1,1
40008,1,1
40019,1,1
40081,1,1
40100,1,1
40107,1,1
40150,1,1
40223,1,1
40230,1,1
40233,1,1
40249,1,1
40251,1,1
40256,1,1
40525,1,1
40562,1,1
40873,1,1
40885,1,1
40925,1,1
41009,1,1
41014,1,1
41040,1,1
41062,1,1
41094,1,1
41106,1,1
41117,1,1
41154,1,1
41163,1,1
41205,1,1
41210,1,1
41253,1,1
41269,1,1
41309,1,1
41337,1,1
41340,1,1
41387,1,1
41461,1,1
41462,1,1
41531,1,1
41591,1,1
41656,1,1
41776,1,1
41877,1,1
41926,1,1
41985,1,1
42071,1,1
42160,1,1
42173,1,1
42187,1,1
42265,1,1
42267,1,1
42393,1,1
42439,1,1
42453,1,1
42485,1,1
42495,1,1
42542,1,1
42552,1,1
42610,1,1
42623,1,1
42827,1,1
43106,1,1
43130,1,1
43161,1,1
43183,1,1
43209,1,1
43323,1,1
43371,1,1
43436,1,1
43444,1,1
43459,1,1
43471,1,1
43499,1,1
43566,1,1
43710,1,1
43754,1,1
43759,1,1
43773,1,1
43774,1,1
43803,1,1
43841,1,1
43860,1,1
43872,1,1
43914,1,1
43937,1,1
43957,1,1
43964,1,1
44106,1,1
44169,1,1
44255,1,1
44275,1,1
44375,1,1
44438,1,1
44486,1,1
44589,1,1
44841,1,1
44902,1,1
45064,1,1
45102,1,1
45161,1,1
45248,1,1
45334,1,1
45363,1,1
45437,1,1
45506,1,1
45561,1,1
45562,1,1
45568,1,1
45645,1,1
45671,1,1
45675,1,1
45765,1,1
45781,1,1
45839,1,1
45853,1,1
45894,1,1
45941,1,1
45979,1,1
46017,1,1
46027,1,1
46047,1,1
46083,1,1
46249,1,1
46255,1,1
46259,1,1
46279,1,1
46282,1,1
46306,1,1
46378,1,1
46550,1,1
46558,1,1
46569,1,1
46611,1,1
46625,1,1
46662,1,1
46672,1,1
46729,1,1
46810,1,1
46902,1,1
46916,1,1
46929,1,1
46933,1,1
47036,1,1
47122,1,1
47236,1,1
47245,1,1
47261,1,1
47372,1,1
47469,1,1
47477,1,1
47670,1,1
47682,1,1
47697,1,1
47717,1,1
47760,1,1
47786,1,1
47886,1,1
47893,1,1
47911,1,1
47964,1,1
48032,1,1
48136,1,1
48140,1,1
48213,1,1
48214,1,1
48238,1,1
48251,1,1
48407,1,1
48486,1,1
48584,1,1
48612,1,1
48709,1,1
48761,1,1
48858,1,1
48861,1,1
48916,1,1
48937,1,1
48939,1,1
48947,1,1
48991,1,1
49022,1,1
49307,1,1
49328,1,1
49383,1,1
49451,1,1
49540,1,1
49736,1,1
49850,1,1
49864,1,1
49869,1,1
49958,1,1
50028,1,1
50074,1,1
50194,1,1
50234,1,1
50247,1,1
50342,1,1
50403,1,1
50709,1,1
50732,1,1
50747,1,1
50786,1,1
50825,1,1
50975,1,1
51014,1,1
51083,1,1
51142,1,1
51281,1,1
51331,1,1
51345,1,1
51354,1,1
51393,1,1
51401,1,1
51498,1,1
51545,1,1
51578,1,1
51603,1,1
51614,1,1
51692,1,1
51709,1,1
51710,1,1
51712,1,1
51738,1,1
51791,1,1
51815,1,1
51894,1,1
51934,1,1
51997,1,1
52053,1,1
52135,1,1
52165,1,1
52167,1,1
52211,1,1
52225,1,1
52227,1,1
52422,1,1
52440,1,1
52459,1,1
52588,1,1
52591,1,1
52674,1,1
52737,1,1
52742,1,1
52765,1,1
52941,1,1
53116,1,1
53128,1,1
53129,1,1
53147,1,1
53165,1,1
53271,1,1
53284,1,1
53297,1,1
53305,1,1
53366,1,1
53377,1,1
53413,1,1
53414,1,1
53534,1,1
53627,1,1
53686,1,1
53729,1,1
53738,1,1
53762,1,1
53849,1,1
53978,1,1
54029,1,1
54098,1,1
54167,1,1
54179,1,1
54183,1,1
54195,1,1
54200,1,1
54230,1,1
54242,1,1
54257,1,1
54342,1,1
54435,1,1
54485,1,1
54499,1,1
54538,1,1
54565,1,1
54571,1,1
54609,1,1
54713,1,1
54741,1,1
54779,1,1
54794,1,1
54930,1,1
54940,1,1
54949,1,1
55103,1,1
55122,1,1
55147,1,1
55170,1,1
55188,1,1
55217,1,1
55235,1,1
55328,1,1
55379,1,1
55407,1,1
55439,1,1
55441,1,1
55452,1,1
55471,1,1
55518,1,1
55679,1,1
55680,1,1
55684,1,1
55826,1,1
55896,1,1
55913,1,1
55932,1,1
55993,1,1
56101,1,1
56155,1,1
56178,1,1
56186,1,1
56227,1,1
56280,1,1
56381,1,1
56382,1,1
56400,1,1
56449,1,1
56458,1,1
56473,1,1
56546,1,1
56653,1,1
56655,1,1
56737,1,1
56740,1,1
56769,1,1
56801,1,1
56858,1,1
56874,1,1
56906,1,1
56907,1,1
56927,1,1
56948,1,1
56968,1,1
56977,1,1
56996,1,1
57000,1,1
57005,1,1
57008,1,1
57085,1,1
57101,1,1
57150,1,1
57213,1,1
57222,1,1
57248,1,1
57400,1,1
57445,1,1
57467,1,1
57479,1,1
57500,1,1
57509,1,1
57516,1,1
57550,1,1
57574,1,1
57584,1,1
57629,1,1
57645,1,1
57719,1,1
57787,1,1
57858,1,1
57932,1,1
57941,1,1
58015,1,1
58035,1,1
58043,1,1
58113,1,1
58148,1,1
58221,1,1
58240,1,1
58277,1,1
58336,1,1
58455,1,1
58577,1,1
58673,1,1
58688,1,1
58759,1,1
58797,1,1
58873,1,1
58929,1,1
58935,1,1
58966,1,1
58989,1,1
59131,1,1
59179,1,1
59225,1,1
59350,1,1
59402,1,1
59423,1,1
59480,1,1
59483,1,1
59506,1,1
59563,1,1
59565,1,1
59634,1,1
59672,1,1
59715,1,1
59764,1,1
59807,1,1
59925,1,1
59938,1,1
59960,1,1
60031,1,1
60133,1,1
60160,1,1
60168,1,1
60244,1,1
60248,1,1
60259,1,1
60277,1,1
60400,1,1
60405,1,1
60416,1,1
60440,1,1
60497,1,1
60556,1,1
60571,1,1
60590,1,1
60605,1,1
60635,1,1
60677,1,1
60679,1,1
60681,1,1
60784,1,1
60793,1,1
60812,1,1
60816,1,1
60817,1,1
60912,1,1
60924,1,1
61211,1,1
61328,1,1
61367,1,1
61444,1,1
61457,1,1
61494,1,1
61510,1,1
61530,1,1
61618,1,1
61632,1,1
61674,1,1
61683,1,1
61725,1,1
61761,1,1
61843,1,1
61940,1,1
61957,1,1
62002,1,1
62019,1,1
62074,1,1
62121,1,1
62194,1,1
62219,1,1
62260,1,1
62340,1,1
62360,1,1
62494,1,1
62661,1,1
62694,1,1
62778,1,1
62905,1,1
62915,1,1
62964,1,1
62977,1,1
63050,1,1
63066,1,1
63130,1,1
63153,1,1
63282,1,1
63315,1,1
63350,1,1
63434,1,1
63454,1,1
63477,1,1
63493,1,1
63510,1,1
63566,1,1
63609,1,1
63620,1,1
63641,1,1
63654,1,1
63672,1,1
63725,1,1
63741,1,1
63797,1,1
63871,1,1
63986,1,1
63994,1,1
64011,1,1
64023,1,1
64045,1,1
64135,1,1
64150,1,1
64159,1,1
64161,1,1
64215,1,1
64225,1,1
64236,1,1
64281,1,1
64311,1,1
64340,1,1
64342,1,1
64458,1,1
64480,1,1
64579,1,1
64606,1,1
64623,1,1
64665,1,1
64791,1,1
64804,1,1
64822,1,1
64932,1,1
64942,1,1
64949,1,1
65005,1,1
65073,1,1
65075,1,1
65084,1,1
65142,1,1
65382,1,1
65484,1,1
65510,1,1
65601,1,1
65655,1,1
65676,1,1
65684,1,1
65724,1,1
65753,1,1
65830,1,1
65863,1,1
65865,1,1
65867,1,1
65897,1,1
66147,1,1
66255,1,1
66298,1,1
66363,1,1
66377,1,1
66381,1,1
66448,1,1
66531,1,1
66591,1,1
66636,1,1
66688,1,1
66711,1,1
66826,1,1
66827,1,1
66887,1,1
66914,1,1
66969,1,1
66970,1,1
66999,1,1
67019,1,1
67040,1,1
67451,1,1
67464,1,1
67572,1,1
67650,1,1
67662,1,1
67668,1,1
67692,1,1
67728,1,1
67921,1,1
67956,1,1
68025,1,1
68054,1,1
68063,1,1
68071,1,1
68110,1,1
68120,1,1
68170,1,1
68171,1,1
68234,1,1
68246,1,1
68557,1,1
68566,1,1
68574,1,1
68611,1,1
68642,1,1
68646,1,1
68690,1,1
68696,1,1
68725,1,1
68757,1,1
68824,1,1
68832,1,1
68847,1,1
68862,1,1
69019,1,1
69032,1,1
69061,1,1
69064,1,1
69110,1,1
69134,1,1
69148,1,1
69207,1,1
69213,1,1
69237,1,1
69242,1,1
69311,1,1
69319,1,1
69336,1,1
69354,1,1
69397,1,1
69426,1,1
69529,1,1
69543,1,1
69649,1,1
69746,1,1
69753,1,1
69780,1,1
69793,1,1
69806,1,1
69852,1,1
69941,1,1
70068,1,1
70347,1,1
70408,1,1
70464,1,1
70496,1,1
70520,1,1
70523,1,1
70535,1,1
70590,1,1
70621,1,1
70623,1,1
70675,1,1
70703,1,1
70707,1,1
70751,1,1
70790,1,1
70797,1,1
70869,1,1
70966,1,1
70970,1,1
71045,1,1
71054,1,1
71069,1,1
71100,1,1
71122,1,1
71128,1,1
71156,1,1
71211,1,1
71260,1,1
71278,1,1
71352,1,1
71487,1,1
71709,1,1
71828,1,1
71884,1,1
71943,1,1
72035,1,1
72037,1,1
72249,1,1
72257,1,1
72299,1,1
72342,1,1
72415,1,1
72524,1,1
72647,1,1
72666,1,1
72686,1,1
72778,1,1
72904,1,1
72982,1,1
72987,1,1
72991,1,1
73355,1,1
73466,1,1
73523,1,1
73761,1,1
73820,1,1
73886,1,1
73914,1,1
73945,1,1
74027,1,1
74085,1,1
74114,1,1
74167,1,1
74209,1,1
74252,1,1
74287,1,1
74652,1,1
74748,1,1
74782,1,1
74814,1,1
74839,1,1
74848,1,1
74914,1,1
75013,1,1
75070,1,1
75087,1,1
75100,1,1
75139,1,1
75206,1,1
75246,1,1
75310,1,1
75321,1,1
75423,1,1
75431,1,1
75432,1,1
75491,1,1
75514,1,1
75518,1,1
75552,1,1
75622,1,1
75641,1,1
75645,1,1
75701,1,1
75843,1,1
75890,1,1
75960,1,1
76015,1,1
76071,1,1
76086,1,1
76186,1,1
76251,1,1
76264,1,1
76762,1,1
76832,1,1
76894,1,1
76904,1,1
76939,1,1
76986,1,1
76997,1,1
77032,1,1
77140,1,1
77206,1,1
77209,1,1
77291,1,1
77402,1,1
77595,1,1
77596,1,1
77612,1,1
77617,1,1
77765,1,1
77771,1,1
77846,1,1
77896,1,1
77927,1,1
77947,1,1
77952,1,1
77962,1,1
78012,1,1
78030,1,1
78216,1,1
78256,1,1
78339,1,1
78499,1,1
78649,1,1
78678,1,1
78800,1,1
78972,1,1
79062,1,1
79069,1,1
79181,1,1
79215,1,1
79277,1,1
79302,1,1
79403,1,1
79430,1,1
79435,1,1
79489,1,1
79542,1,1
79584,1,1
79707,1,1
79756,1,1
79794,1,1
79804,1,1
79844,1,1
79848,1,1
79954,1,1
80074,1,1
80082,1,1
80107,1,1
80126,1,1
80149,1,1
80164,1,1
80230,1,1
80297,1,1
80301,1,1
80308,1,1
80350,1,1
80428,1,1
80446,1,1
80487,1,1
80633,1,1
80682,1,1
80721,1,1
80732,1,1
80737,1,1
80766,1,1
80802,1,1
80816,1,1
80943,1,1
80992,1,1
80996,1,1
81078,1,1
81084,1,1
81245,1,1
81290,1,1
81309,1,1
81348,1,1
81390,1,1
81410,1,1
81557,1,1
81612,1,1
81630,1,1
81673,1,1
81694,1,1
81699,1,1
81702,1,1
81714,1,1
81753,1,1
81999,1,1
82022,1,1
82077,1,1
82143,1,1
82167,1,1
82236,1,1
82244,1,1
82319,1,1
82398,1,1
82401,1,1
82461,1,1
82516,1,1
82531,1,1
82559,1,1
82591,1,1
82628,1,1
82718,1,1
82745,1,1
82888,1,1
82917,1,1
83013,1,1
83019,1,1
83097,1,1
83269,1,1
83296,1,1
83298,1,1
83329,1,1
83477,1,1
83484,1,1
83533,1,1
83565,1,1
83745,1,1
83768,1,1
83895,1,1
83907,1,1
83942,1,1
84006,1,1
84039,1,1
84045,1,1
84090,1,1
84102,1,1
84244,1,1
84272,1,1
84274,1,1
84307,1,1
84362,1,1
84391,1,1
84442,1,1
84456,1,1
84481,1,1
84516,1,1
84552,1,1
84555,1,1
84600,1,1
84607,1,1
84765,1,1
84811,1,1
84814,1,1
84872,1,1
84909,1,1
84920,1,1
84962,1,1
84990,1,1
84994,1,1
85089,1,1
85099,1,1
85201,1,1
85263,1,1
85265,1,1
85308,1,1
85349,1,1
85350,1,1
85478,1,1
85515,1,1
85603,1,1
85730,1,1
85798,1,1
85843,1,1
85907,1,1
85913,1,1
85923,1,1
85985,1,1
86019,1,1
86092,1,1
86225,1,1
86254,1,1
86310,1,1
86314,1,1
86327,1,1
86567,1,1
86588,1,1
86613,1,1
86635,1,1
86728,1,1
86751,1,1
86772,1,1
86811,1,1
86833,1,1
86954,1,1
87067,1,1
87120,1,1
87162,1,1
87197,1,1
87210,1,1
87282,1,1
87308,1,1
87472,1,1
87482,1,1
87596,1,1
87610,1,1
87684,1,1
87696,1,1
87737,1,1
87867,1,1
87872,1,1
87919,1,1
88015,1,1
88051,1,1
88075,1,1
88135,1,1
88275,1,1
88448,1,1
88498,1,1
88514,1,1
88520,1,1
88580,1,1
88664,1,1
88687,1,1
88724,1,1
88828,1,1
88849,1,1
88854,1,1
88882,1,1
89010,1,1
89016,1,1
89057,1,1
89058,1,1
89082,1,1
89102,1,1
89110,1,1
89153,1,1
89172,1,1
89192,1,1
89341,1,1
89380,1,1
89414,1,1
89490,1,1
89562,1,1
89632,1,1
89640,1,1
89669,1,1
89733,1,1
89738,1,1
89827,1,1
89863,1,1
89870,1,1
89947,1,1
89969,1,1
90037,1,1
90121,1,1
90402,1,1
90411,1,1
90597,1,1
90628,1,1
90685,1,1
90782,1,1
90786,1,1
90823,1,1
90867,1,1
90881,1,1
91054,1,1
91129,1,1
91143,1,1
91211,1,1
91279,1,1
91335,1,1
91342,1,1
91400,1,1
91585,1,1
91648,1,1
91906,1,1
91974,1,1
92177,1,1
92226,1,1
92347,1,1
92354,1,1
92376,1,1
92447,1,1
92571,1,1
92832,1,1
92962,1,1
93110,1,1
93339,1,1
93348,1,1
93421,1,1
93445,1,1
93532,1,1
93536,1,1
93641,1,1
93670,1,1
93742,1,1
93973,1,1
94070,1,1
94073,1,1
94280,1,1
94319,1,1
94486,1,1
94659,1,1
94677,1,1
94704,1,1
95037,1,1
95098,1,1
95149,1,1
95216,1,1
95314,1,1
95394,1,1
95454,1,1
95567,1,1
95620,1,1
95630,1,1
95706,1,1
95760,1,1
95777,1,1
95895,1,1
95922,1,1
96048,1,1
96116,1,1
96274,1,1
96493,1,1
96536,1,1
96575,1,1
96621,1,1
96981,1,1
97162,1,1
97357,1,1
97649,1,1
97704,1,1
97835,1,1
97887,1,1
98072,1,1
98415,1,1
98431,1,1
98497,1,1
98550,1,1
98583,1,1
98880,1,1
98885,1,1
99066,1,1
99096,1,1
99169,1,1
15,1,2
58,1,2
213,1,2
229,1,2
237,1,2
260,1,2
445,1,2
476,1,2
565,1,2
595,1,2
650,1,2
662,1,2
667,1,2
756,1,2
790,1,2
927,1,2
971,1,2
1086,1,2
1185,1,2
1198,1,2
1227,1,2
1278,1,2
1343,1,2
1435,1,2
1443,1,2
1497,1,2
1555,1,2
1631,1,2
1670,1,2
1672,1,2
1766,1,2
1813,1,2
1889,1,2
1925,1,2
2267,1,2
2278,1,2
2405,1,2
2669,1,2
2784,1,2
2945,1,2
3030,1,2
3131,1,2
3164,1,2
3276,1,2
3318,1,2
3366,1,2
3388,1,2
3391,1,2
3441,1,2
3505,1,2
3557,1,2
3642,1,2
3731,1,2
3913,1,2
4215,1,2
4507,1,2
4615,1,2
4652,1,2
4676,1,2
4688,1,2
4702,1,2
4723,1,2
4766,1,2
4905,1,2
4917,1,2
5052,1,2
5152,1,2
5271,1,2
5448,1,2
5477,1,2
5515,1,2
5573,1,2
5581,1,2
5737,1,2
5988,1,2
6175,1,2
6273,1,2
6318,1,2
6406,1,2
6456,1,2
6517,1,2
6599,1,2
6761,1,2
6983,1,2
7005,1,2
7145,1,2
7151,1,2
7268,1,2
7427,1,2
7440,1,2
7477,1,2
7502,1,2
7735,1,2
8124,1,2
8309,1,2
8500,1,2
8652,1,2
8780,1,2
8840,1,2
9066,1,2
9082,1,2
9301,1,2
9391,1,2
9438,1,2
9758,1,2
9918,1,2
10238,1,2
10473,1,2
10475,1,2
10525,1,2
10659,1,2
10677,1,2
10729,1,2
10738,1,2
10746,1,2
10850,1,2
11049,1,2
11160,1,2
11199,1,2
11203,1,2
11499,1,2
11510,1,2
11519,1,2
11581,1,2
12182,1,2
12438,1,2
12473,1,2
12484,1,2
12572,1,2
12719,1,2
12985,1,2
13027,1,2
13169,1,2
13265,1,2
13336,1,2
13404,1,2
13505,1,2
13569,1,2
13642,1,2
13874,1,2
13888,1,2
14063,1,2
14108,1,2
14302,1,2
14336,1,2
14579,1,2
14637,1,2
14813,1,2
15070,1,2
15174,1,2
15207,1,2
15308,1,2
15354,1,2
16517,1,2
16529,1,2
16697,1,2
16877,1,2
16900,1,2
17191,1,2
17329,1,2
17350,1,2
17845,1,2
18204,1,2
18289,1,2
18427,1,2
18528,1,2
18547,1,2
18759,1,2
18788,1,2
19159,1,2
19624,1,2
20035,1,2
20050,1,2
20212,1,2
20309,1,2
20403,1,2
20407,1,2
20426,1,2
20473,1,2
20586,1,2
20655,1,2
20762,1,2
20993,1,2
21520,1,2
21558,1,2
21676,1,2
21783,1,2
22339,1,2
22480,1,2
22570,1,2
22808,1,2
23013,1,2
23057,1,2
23092,1,2
23108,1,2
23236,1,2
23273,1,2
23427,1,2
23611,1,2
23763,1,2
23846,1,2
23860,1,2
23863,1,2
23867,1,2
24026,1,2
24127,1,2
24257,1,2
24372,1,2
24685,1,2
24733,1,2
24872,1,2
25010,1,2
25221,1,2
25326,1,2
25616,1,2
26061,1,2
26068,1,2
26200,1,2
26368,1,2
26422,1,2
26441,1,2
26566,1,2
26616,1,2
26851,1,2
27044,1,2
27155,1,2
27512,1,2
27697,1,2
27778,1,2
28686,1,2
28825,1,2
29115,1,2
29540,1,2
29674,1,2
29870,1,2
29881,1,2
29908,1,2
30735,1,2
30739,1,2
31222,1,2
31531,1,2
31681,1,2
31690,1,2
31787,1,2
31819,1,2
31966,1,2
32064,1,2
32094,1,2
32096,1,2
32145,1,2
32186,1,2
32251,1,2
32310,1,2
32319,1,2
32366,1,2
32440,1,2
32476,1,2
32485,1,2
32663,1,2
32678,1,2
32760,1,2
32774,1,2
32923,1,2
33014,1,2
33058,1,2
33060,1,2
33192,1,2
33212,1,2
33224,1,2
33244,1,2
33256,1,2
33283,1,2
33422,1,2
33436,1,2
33513,1,2
33520,1,2
33542,1,2
33553,1,2
33557,1,2
33576,1,2
33592,1,2
33620,1,2
33621,1,2
33629,1,2
33772,1,2
33796,1,2
33894,1,2
33937,1,2
33952,1,2
33957,1,2
33973,1,2
33990,1,2
34000,1,2
34249,1,2
34283,1,2
34357,1,2
34393,1,2
34470,1,2
34517,1,2
34685,1,2
34722,1,2
34809,1,2
34839,1,2
34861,1,2
34891,1,2
34917,1,2
34933,1,2
34935,1,2
34978,1,2
35018,1,2
35077,1,2
35081,1,2
35084,1,2
35099,1,2
35102,1,2
35135,1,2
35184,1,2
35186,1,2
35237,1,2
35249,1,2
35271,1,2
35284,1,2
35321,1,2
35348,1,2
35361,1,2
35410,1,2
35466,1,2
35478,1,2
35508,1,2
35594,1,2
35627,1,2
35652,1,2
35693,1,2
35699,1,2
35708,1,2
35788,1,2
35817,1,2
35845,1,2
35846,1,2
35861,1,2
35888,1,2
35896,1,2
35922,1,2
35967,1,2
35968,1,2
35970,1,2
35991,1,2
36014,1,2
36017,1,2
36059,1,2
36095,1,2
36109,1,2
36113,1,2
36164,1,2
36197,1,2
36207,1,2
36218,1,2
36223,1,2
36227,1,2
36231,1,2
36375,1,2
36383,1,2
36406,1,2
36408,1,2
36422,1,2
36423,1,2
36442,1,2
36448,1,2
36492,1,2
36511,1,2
36585,1,2
36630,1,2
36635,1,2
36643,1,2
36651,1,2
36653,1,2
36714,1,2
36735,1,2
36739,1,2
36760,1,2
36837,1,2
36890,1,2
36934,1,2
36953,1,2
37009,1,2
37040,1,2
37041,1,2
37044,1,2
37045,1,2
37047,1,2
37075,1,2
37084,1,2
37137,1,2
37195,1,2
37250,1,2
37271,1,2
37279,1,2
37293,1,2
37329,1,2
37367,1,2
37381,1,2
37403,1,2
37415,1,2
37424,1,2
37442,1,2
37444,1,2
37452,1,2
37530,1,2
37565,1,2
37569,1,2
37600,1,2
37607,1,2
37713,1,2
37728,1,2
37740,1,2
37753,1,2
37823,1,2
37843,1,2
37912,1,2
37994,1,2
37996,1,2
38136,1,2
38237,1,2
38250,1,2
38251,1,2
38255,1,2
38264,1,2
38295,1,2
38346,1,2
38355,1,2
38360,1,2
38385,1,2
38423,1,2
38480,1,2
38491,1,2
38511,1,2
38534,1,2
38570,1,2
38644,1,2
38661,1,2
38752,1,2
38784,1,2
38791,1,2
38817,1,2
38832,1,2
38833,1,2
38879,1,2
38889,1,2
38912,1,2
38932,1,2
38977,1,2
39106,1,2
39166,1,2
39169,1,2
39204,1,2
39271,1,2
39292,1,2
39337,1,2
39350,1,2
39472,1,2
39498,1,2
39515,1,2
39541,1,2
39571,1,2
39591,1,2
39592,1,2
39638,1,2
39642,1,2
39671,1,2
39685,1,2
39731,1,2
39762,1,2
39777,1,2
39791,1,2
39937,1,2
39979,1,2
39991,1,2
40075,1,2
40082,1,2
40111,1,2
40125,1,2
40164,1,2
40175,1,2
40183,1,2
40291,1,2
40322,1,2
40377,1,2
40425,1,2
40472,1,2
40475,1,2
40485,1,2
40673,1,2
40732,1,2
40738,1,2
40767,1,2
40776,1,2
40808,1,2
40854,1,2
40888,1,2
40956,1,2
40963,1,2
41075,1,2
41132,1,2
41135,1,2
41202,1,2
41267,1,2
41288,1,2
41323,1,2
41375,1,2
41425,1,2
41430,1,2
41453,1,2
41458,1,2
41477,1,2
41603,1,2
41626,1,2
41764,1,2
41806,1,2
41863,1,2
41887,1,2
42013,1,2
42014,1,2
42057,1,2
42066,1,2
42080,1,2
42112,1,2
42234,1,2
42240,1,2
42266,1,2
42301,1,2
42417,1,2
42474,1,2
42531,1,2
42535,1,2
42544,1,2
42579,1,2
42605,1,2
42691,1,2
42716,1,2
42844,1,2
42899,1,2
42923,1,2
42956,1,2
43029,1,2
43044,1,2
43052,1,2
43060,1,2
43063,1,2
43125,1,2
43147,1,2
43153,1,2
43158,1,2
43187,1,2
43189,1,2
43203,1,2
43210,1,2
43255,1,2
43285,1,2
43287,1,2
43343,1,2
43369,1,2
43406,1,2
43451,1,2
43583,1,2
43584,1,2
43616,1,2
43652,1,2
43675,1,2
43687,1,2
43693,1,2
43812,1,2
43855,1,2
43856,1,2
43858,1,2
43879,1,2
43934,1,2
44006,1,2
44025,1,2
44052,1,2
44055,1,2
44150,1,2
44177,1,2
44189,1,2
44194,1,2
44238,1,2
44352,1,2
44411,1,2
44448,1,2
44455,1,2
44458,1,2
44469,1,2
44474,1,2
44537,1,2
44640,1,2
44746,1,2
44874,1,2
44892,1,2
45032,1,2
45046,1,2
45063,1,2
45088,1,2
45140,1,2
45171,1,2
45204,1,2
45230,1,2
45300,1,2
45344,1,2
45393,1,2
45415,1,2
45458,1,2
45589,1,2
45610,1,2
45650,1,2
45656,1,2
45658,1,2
45685,1,2
45771,1,2
45794,1,2
45802,1,2
45817,1,2
45868,1,2
45870,1,2
45899,1,2
45996,1,2
46000,1,2
46079,1,2
46095,1,2
46142,1,2
46166,1,2
46233,1,2
46245,1,2
46265,1,2
46271,1,2
46303,1,2
46327,1,2
46371,1,2
46377,1,2
46616,1,2
46622,1,2
46640,1,2
46659,1,2
46669,1,2
46698,1,2
46784,1,2
46809,1,2
46857,1,2
46860,1,2
46899,1,2
46944,1,2
46948,1,2
46993,1,2
47018,1,2
47079,1,2
47100,1,2
47137,1,2
47203,1,2
47222,1,2
47306,1,2
47373,1,2
47390,1,2
47474,1,2
47514,1,2
47555,1,2
47582,1,2
47689,1,2
47709,1,2
47838,1,2
47900,1,2
47915,1,2
47967,1,2
47980,1,2
48006,1,2
48014,1,2
48250,1,2
48288,1,2
48309,1,2
48371,1,2
48377,1,2
48389,1,2
48412,1,2
48416,1,2
48445,1,2
48553,1,2
48579,1,2
48588,1,2
48674,1,2
48679,1,2
48733,1,2
48751,1,2
48788,1,2
48827,1,2
48833,1,2
48844,1,2
48901,1,2
48911,1,2
48927,1,2
49004,1,2
49040,1,2
49113,1,2
49135,1,2
49146,1,2
49159,1,2
49287,1,2
49316,1,2
49324,1,2
49325,1,2
49373,1,2
49587,1,2
49601,1,2
49692,1,2
49771,1,2
49821,1,2
49881,1,2
49892,1,2
49923,1,2
49943,1,2
50087,1,2
50146,1,2
50176,1,2
50250,1,2
50290,1,2
50326,1,2
50363,1,2
50626,1,2
50629,1,2
50645,1,2
50657,1,2
50701,1,2
50795,1,2
50875,1,2
50930,1,2
51191,1,2
51200,1,2
51212,1,2
51302,1,2
51365,1,2
51370,1,2
51375,1,2
51413,1,2
51434,1,2
51532,1,2
51640,1,2
51754,1,2
51785,1,2
51821,1,2
51899,1,2
51900,1,2
51901,1,2
51903,1,2
51913,1,2
51915,1,2
51920,1,2
51926,1,2
51936,1,2
51976,1,2
52018,1,2
52060,1,2
52076,1,2
52082,1,2
52163,1,2
52226,1,2
52228,1,2
52258,1,2
52309,1,2
52387,1,2
52417,1,2
52437,1,2
52468,1,2
52534,1,2
52556,1,2
52597,1,2
52614,1,2
52637,1,2
52639,1,2
52660,1,2
52667,1,2
52698,1,2
52758,1,2
52901,1,2
52919,1,2
52938,1,2
52990,1,2
53008,1,2
53068,1,2
53121,1,2
53125,1,2
53221,1,2
53231,1,2
53264,1,2
53302,1,2
53318,1,2
53322,1,2
53412,1,2
53429,1,2
53532,1,2
53540,1,2
53606,1,2
53672,1,2
53789,1,2
53805,1,2
53829,1,2
53860,1,2
53869,1,2
53881,1,2
53888,1,2
53921,1,2
53973,1,2
53994,1,2
54061,1,2
54093,1,2
54134,1,2
54187,1,2
54206,1,2
54252,1,2
54315,1,2
54402,1,2
54422,1,2
54455,1,2
54482,1,2
54490,1,2
54493,1,2
54573,1,2
54598,1,2
54704,1,2
54708,1,2
54715,1,2
54757,1,2
54837,1,2
54858,1,2
54951,1,2
54982,1,2
55020,1,2
55051,1,2
55187,1,2
55218,1,2
55296,1,2
55498,1,2
55543,1,2
55634,1,2
55666,1,2
55859,1,2
55898,1,2
55916,1,2
55982,1,2
56007,1,2
56014,1,2
56072,1,2
56113,1,2
56177,1,2
56240,1,2
56249,1,2
56273,1,2
56315,1,2
56358,1,2
56486,1,2
56524,1,2
56605,1,2
56611,1,2
56648,1,2
56663,1,2
56707,1,2
56708,1,2
56758,1,2
56763,1,2
56817,1,2
56892,1,2
56992,1,2
57019,1,2
57070,1,2
57168,1,2
57214,1,2
57255,1,2
57262,1,2
57284,1,2
57498,1,2
57531,1,2
57543,1,2
57558,1,2
57602,1,2
57706,1,2
57845,1,2
57915,1,2
57930,1,2
57966,1,2
58013,1,2
58032,1,2
58054,1,2
58117,1,2
58149,1,2
58182,1,2
58188,1,2
58227,1,2
58251,1,2
58356,1,2
58399,1,2
58422,1,2
58486,1,2
58559,1,2
58599,1,2
58607,1,2
58655,1,2
58675,1,2
58699,1,2
58715,1,2
58727,1,2
58761,1,2
58780,1,2
58793,1,2
58863,1,2
58957,1,2
58982,1,2
58985,1,2
58991,1,2
59007,1,2
59011,1,2
59058,1,2
59096,1,2
59134,1,2
59164,1,2
59271,1,2
59287,1,2
59308,1,2
59311,1,2
59324,1,2
59328,1,2
59396,1,2
59422,1,2
59474,1,2
59489,1,2
59642,1,2
59649,1,2
59692,1,2
59713,1,2
59750,1,2
59773,1,2
59880,1,2
59928,1,2
59967,1,2
59979,1,2
60008,1,2
60016,1,2
60039,1,2
60091,1,2
60173,1,2
60274,1,2
60304,1,2
60353,1,2
60354,1,2
60461,1,2
60592,1,2
60608,1,2
60615,1,2
60636,1,2
60653,1,2
60745,1,2
60746,1,2
60814,1,2
60825,1,2
60848,1,2
60901,1,2
60921,1,2
60944,1,2
60949,1,2
61019,1,2
61025,1,2
61040,1,2
61048,1,2
61061,1,2
61063,1,2
61234,1,2
61235,1,2
61336,1,2
61343,1,2
61369,1,2
61438,1,2
61565,1,2
61600,1,2
61719,1,2
61731,1,2
61757,1,2
61793,1,2
61805,1,2
61826,1,2
61878,1,2
61959,1,2
62064,1,2
62139,1,2
62168,1,2
62184,1,2
62213,1,2
62226,1,2
62276,1,2
62390,1,2
62439,1,2
62457,1,2
62472,1,2
62487,1,2
62531,1,2
62546,1,2
62570,1,2
62576,1,2
62591,1,2
62690,1,2
62703,1,2
62709,1,2
62725,1,2
62735,1,2
62765,1,2
62833,1,2
62835,1,2
62845,1,2
62885,1,2
62891,1,2
62916,1,2
62949,1,2
62956,1,2
62969,1,2
63002,1,2
63010,1,2
63027,1,2
63076,1,2
63087,1,2
63128,1,2
63218,1,2
63267,1,2
63292,1,2
63330,1,2
63354,1,2
63359,1,2
63366,1,2
63400,1,2
63401,1,2
63435,1,2
63491,1,2
63492,1,2
63516,1,2
63538,1,2
63622,1,2
63635,1,2
63822,1,2
63847,1,2
63865,1,2
63870,1,2
63931,1,2
63984,1,2
64029,1,2
64076,1,2
64090,1,2
64094,1,2
64100,1,2
64110,1,2
64154,1,2
64213,1,2
64267,1,2
64268,1,2
64307,1,2
64310,1,2
64379,1,2
64381,1,2
64395,1,2
64402,1,2
64428,1,2
64473,1,2
64493,1,2
64530,1,2
64662,1,2
64672,1,2
64681,1,2
64740,1,2
64803,1,2
64809,1,2
64813,1,2
64819,1,2
64865,1,2
65030,1,2
65037,1,2
65066,1,2
65106,1,2
65145,1,2
65165,1,2
65252,1,2
65277,1,2
65393,1,2
65430,1,2
65504,1,2
65589,1,2
65648,1,2
65649,1,2
65773,1,2
65841,1,2
65859,1,2
65870,1,2
66103,1,2
66200,1,2
66224,1,2
66390,1,2
66396,1,2
66536,1,2
66855,1,2
66890,1,2
66909,1,2
66934,1,2
67067,1,2
67244,1,2
67333,1,2
67338,1,2
67549,1,2
67595,1,2
67607,1,2
67609,1,2
67622,1,2
67704,1,2
67740,1,2
68075,1,2
68220,1,2
68388,1,2
68430,1,2
68511,1,2
68529,1,2
68601,1,2
68686,1,2
68699,1,2
68760,1,2
68762,1,2
68861,1,2
68928,1,2
68961,1,2
69098,1,2
69214,1,2
69314,1,2
69321,1,2
69518,1,2
69556,1,2
69638,1,2
69667,1,2
69735,1,2
69846,1,2
69858,1,2
69872,1,2
70021,1,2
70032,1,2
70047,1,2
70058,1,2
70070,1,2
70175,1,2
70177,1,2
70223,1,2
70499,1,2
70755,1,2
70867,1,2
70913,1,2
70986,1,2
70998,1,2
71056,1,2
71283,1,2
71310,1,2
71361,1,2
71397,1,2
71405,1,2
71540,1,2
71551,1,2
71649,1,2
71742,1,2
71837,1,2
71886,1,2
71923,1,2
72025,1,2
72222,1,2
72273,1,2
72287,1,2
72374,1,2
72536,1,2
72755,1,2
72922,1,2
72990,1,2
72996,1,2
73152,1,2
73270,1,2
73293,1,2
73400,1,2
73497,1,2
73502,1,2
73541,1,2
73690,1,2
73726,1,2
73878,1,2
74038,1,2
74190,1,2
74315,1,2
74469,1,2
74472,1,2
74628,1,2
74651,1,2
74664,1,2
74729,1,2
74800,1,2
74801,1,2
74857,1,2
74859,1,2
74873,1,2
75120,1,2
75251,1,2
75373,1,2
75382,1,2
75487,1,2
75579,1,2
75592,1,2
75639,1,2
75794,1,2
75848,1,2
76055,1,2
76181,1,2
76184,1,2
76224,1,2
76247,1,2
76396,1,2
76480,1,2
76521,1,2
76708,1,2
76813,1,2
76835,1,2
76844,1,2
76912,1,2
77006,1,2
77106,1,2
77254,1,2
77325,1,2
77405,1,2
77418,1,2
77536,1,2
77701,1,2
77748,1,2
77768,1,2
77774,1,2
77856,1,2
77877,1,2
77995,1,2
78006,1,2
78142,1,2
78163,1,2
78191,1,2
78211,1,2
78365,1,2
78378,1,2
78475,1,2
78720,1,2
78940,1,2
79156,1,2
79219,1,2
79227,1,2
79245,1,2
79309,1,2
79354,1,2
79433,1,2
79492,1,2
79684,1,2
79748,1,2
79762,1,2
79876,1,2
79911,1,2
80030,1,2
80032,1,2
80152,1,2
80245,1,2
80272,1,2
80300,1,2
80313,1,2
80369,1,2
80651,1,2
80724,1,2
80866,1,2
80963,1,2
81028,1,2
81069,1,2
81072,1,2
81453,1,2
81752,1,2
81895,1,2
82141,1,2
82199,1,2
82205,1,2
82228,1,2
82308,1,2
82345,1,2
82441,1,2
82677,1,2
82739,1,2
82854,1,2
83173,1,2
83181,1,2
83353,1,2
83410,1,2
83459,1,2
83539,1,2
83616,1,2
83710,1,2
83806,1,2
84011,1,2
84076,1,2
84203,1,2
84210,1,2
84253,1,2
84370,1,2
84437,1,2
84457,1,2
84470,1,2
84509,1,2
84513,1,2
84517,1,2
84652,1,2
84709,1,2
84732,1,2
84881,1,2
84928,1,2
85063,1,2
85234,1,2
85332,1,2
85368,1,2
85405,1,2
85451,1,2
85500,1,2
85509,1,2
85612,1,2
85664,1,2
85685,1,2
85716,1,2
85764,1,2
85850,1,2
85886,1,2
85888,1,2
85916,1,2
85917,1,2
85930,1,2
85943,1,2
85976,1,2
85997,1,2
86093,1,2
86221,1,2
86241,1,2
86300,1,2
86474,1,2
86505,1,2
86581,1,2
86589,1,2
86595,1,2
86599,1,2
86628,1,2
86653,1,2
86757,1,2
86885,1,2
86895,1,2
86914,1,2
86942,1,2
86990,1,2
86992,1,2
87004,1,2
87021,1,2
87032,1,2
87050,1,2
87073,1,2
87119,1,2
87174,1,2
87263,1,2
87544,1,2
87549,1,2
87580,1,2
87654,1,2
87977,1,2
88024,1,2
88066,1,2
88210,1,2
88216,1,2
88271,1,2
88348,1,2
88443,1,2
88444,1,2
88523,1,2
88549,1,2
88695,1,2
88727,1,2
88749,1,2
88806,1,2
88846,1,2
89055,1,2
89137,1,2
89149,1,2
89227,1,2
89269,1,2
89403,1,2
89689,1,2
89701,1,2
89752,1,2
89829,1,2
89854,1,2
89855,1,2
89867,1,2
89923,1,2
89986,1,2
90031,1,2
90221,1,2
90262,1,2
90329,1,2
90372,1,2
90721,1,2
90854,1,2
90865,1,2
90883,1,2
90910,1,2
90911,1,2
91060,1,2
91074,1,2
91085,1,2
91131,1,2
91223,1,2
91363,1,2
91367,1,2
91401,1,2
91477,1,2
91528,1,2
91537,1,2
91592,1,2
91685,1,2
91913,1,2
91915,1,2
92004,1,2
92080,1,2
92100,1,2
92129,1,2
92152,1,2
92172,1,2
92348,1,2
92350,1,2
92481,1,2
92483,1,2
92495,1,2
92522,1,2
92697,1,2
92705,1,2
92749,1,2
92751,1,2
92847,1,2
92883,1,2
92886,1,2
93066,1,2
93145,1,2
93188,1,2
93396,1,2
93415,1,2
93444,1,2
93501,1,2
93541,1,2
93651,1,2
93720,1,2
93726,1,2
93759,1,2
93820,1,2
93868,1,2
94009,1,2
94108,1,2
94163,1,2
94166,1,2
94177,1,2
94179,1,2
94268,1,2
94293,1,2
94366,1,2
94374,1,2
94401,1,2
94463,1,2
94523,1,2
94554,1,2
94615,1,2
94636,1,2
94678,1,2
94748,1,2
94935,1,2
95174,1,2
95244,1,2
95250,1,2
95266,1,2
95357,1,2
95365,1,2
95402,1,2
95440,1,2
95484,1,2
95585,1,2
95674,1,2
95757,1,2
95785,1,2
95789,1,2
95814,1,2
96143,1,2
96171,1,2
96342,1,2
96356,1,2
96372,1,2
96430,1,2
96476,1,2
96585,1,2
96617,1,2
96776,1,2
96857,1,2
96967,1,2
97012,1,2
97030,1,2
97090,1,2
97154,1,2
97195,1,2
97253,1,2
97280,1,2
97495,1,2
97599,1,2
97627,1,2
97639,1,2
97797,1,2
97906,1,2
97916,1,2
97995,1,2
98021,1,2
98120,1,2
98171,1,2
98326,1,2
98396,1,2
98429,1,2
98434,1,2
98447,1,2
98467,1,2
98496,1,2
98621,1,2
98652,1,2
98757,1,2
99313,1,2
99318,1,2
99388,1,2
99403,1,2
10,1,2
11,1,2
14,1,2
16,1,2
18,1,2
21,1,2
27,1,2
49,1,2
56,1,2
87,1,2
88,1,2
137,1,2
172,1,2
193,1,2
199,1,2
202,1,2
219,1,2
228,1,2
241,1,2
296,1,2
301,1,2
318,1,2
341,1,2
353,1,2
356,1,2
367,1,2
378,1,2
386,1,2
396,1,2
401,1,2
407,1,2
434,1,2
439,1,2
452,1,2
453,1,2
465,1,2
473,1,2
482,1,2
491,1,2
529,1,2
536,1,2
544,1,2
586,1,2
597,1,2
605,1,2
606,1,2
613,1,2
618,1,2
629,1,2
634,1,2
684,1,2
691,1,2
694,1,2
697,1,2
715,1,2
717,1,2
719,1,2
729,1,2
734,1,2
760,1,2
770,1,2
802,1,2
810,1,2
811,1,2
819,1,2
827,1,2
840,1,2
845,1,2
850,1,2
854,1,2
862,1,2
880,1,2
882,1,2
887,1,2
891,1,2
907,1,2
909,1,2
912,1,2
934,1,2
936,1,2
956,1,2
960,1,2
1022,1,2
1023,1,2
1024,1,2
1044,1,2
1057,1,2
1060,1,2
1085,1,2
1087,1,2
1088,1,2
1113,1,2
1151,1,2
1155,1,2
1157,1,2
1162,1,2
1172,1,2
1187,1,2
1199,1,2
1214,1,2
1228,1,2
1244,1,2
1256,1,2
1261,1,2
1266,1,2
1269,1,2
1290,1,2
1305,1,2
1307,1,2
1320,1,2
1321,1,2
1340,1,2
1347,1,2
1348,1,2
1350,1,2
1352,1,2
1384,1,2
1386,1,2
1389,1,2
1392,1,2
1398,1,2
1401,1,2
1404,1,2
1409,1,2
1416,1,2
1422,1,2
1453,1,2
1467,1,2
1492,1,2
1493,1,2
1513,1,2
1540,1,2
1553,1,2
1554,1,2
1560,1,2
1564,1,2
1569,1,2
1581,1,2
1582,1,2
1584,1,2
1608,1,2
1609,1,2
1620,1,2
1625,1,2
1632,1,2
1644,1,2
1648,1,2
1660,1,2
1668,1,2
1679,1,2
1680,1,2
1684,1,2
1719,1,2
1727,1,2
1738,1,2
1761,1,2
1763,1,2
1787,1,2
1803,1,2
1807,1,2
1808,1,2
1814,1,2
1816,1,2
1823,1,2
1832,1,2
1838,1,2
1846,1,2
1854,1,2
1860,1,2
1880,1,2
1883,1,2
1885,1,2
1892,1,2
1906,1,2
1909,1,2
1918,1,2
1924,1,2
1948,1,2
1954,1,2
1979,1,2
1981,1,2
2001,1,2
2015,1,2
2038,1,2
2045,1,2
2049,1,2
2052,1,2
2054,1,2
2057,1,2
2074,1,2
2080,1,2
2090,1,2
2094,1,2
2107,1,2
2126,1,2
2131,1,2
2144,1,2
2146,1,2
2148,1,2
2154,1,2
2180,1,2
2223,1,2
2247,1,2
2259,1,2
2277,1,2
2295,1,2
2297,1,2
2316,1,2
2318,1,2
2323,1,2
2325,1,2
2338,1,2
2349,1,2
2355,1,2
2374,1,2
2386,1,2
2432,1,2
2442,1,2
2470,1,2
2499,1,2
2508,1,2
2515,1,2
2536,1,2
2547,1,2
2622,1,2
2672,1,2
2710,1,2
2724,1,2
2738,1,2
2745,1,2
2749,1,2
2765,1,2
2774,1,2
2783,1,2
2815,1,2
2819,1,2
2851,1,2
2853,1,2
2867,1,2
2880,1,2
2888,1,2
2909,1,2
2930,1,2
2954,1,2
2977,1,2
2987,1,2
2991,1,2
3005,1,2
3006,1,2
3007,1,2
3016,1,2
3063,1,2
3069,1,2
3114,1,2
3125,1,2
3126,1,2
3143,1,2
3168,1,2
3182,1,2
3183,1,2
3199,1,2
3208,1,2
3232,1,2
3249,1,2
3260,1,2
3289,1,2
3293,1,2
3306,1,2
3307,1,2
3379,1,2
3404,1,2
3406,1,2
3409,1,2
3445,1,2
3456,1,2
3468,1,2
3514,1,2
3524,1,2
3538,1,2
3546,1,2
3566,1,2
3608,1,2
3629,1,2
3659,1,2
3665,1,2
3668,1,2
3691,1,2
3693,1,2
3696,1,2
3698,1,2
3708,1,2
3717,1,2
3719,1,2
3724,1,2
3732,1,2
3746,1,2
3765,1,2
3791,1,2
3798,1,2
3808,1,2
3817,1,2
3830,1,2
3840,1,2
3843,1,2
3881,1,2
3954,1,2
3977,1,2
3995,1,2
4014,1,2
4051,1,2
4057,1,2
4077,1,2
4123,1,2
4189,1,2
4237,1,2
4247,1,2
4262,1,2
4275,1,2
4298,1,2
4320,1,2
4344,1,2
4365,1,2
4369,1,2
4372,1,2
4390,1,2
4403,1,2
4409,1,2
4448,1,2
4463,1,2
4478,1,2
4493,1,2
4535,1,2
4538,1,2
4573,1,2
4588,1,2
4628,1,2
4684,1,2
4732,1,2
4734,1,2
4737,1,2
4756,1,2
4803,1,2
4836,1,2
4848,1,2
4895,1,2
4906,1,2
4914,1,2
4923,1,2
4941,1,2
4962,1,2
4972,1,2
4987,1,2
4996,1,2
5011,1,2
5019,1,2
5054,1,2
5064,1,2
5073,1,2
5131,1,2
5197,1,2
5214,1,2
5219,1,2
5274,1,2
5302,1,2
5338,1,2
5346,1,2
5370,1,2
5452,1,2
5466,1,2
5508,1,2
5520,1,2
5551,1,2
5557,1,2
5559,1,2
5563,1,2
5610,1,2
5635,1,2
5650,1,2
5670,1,2
5687,1,2
5708,1,2
5715,1,2
5747,1,2
5755,1,2
5758,1,2
5760,1,2
5801,1,2
5812,1,2
5815,1,2
5831,1,2
5886,1,2
5914,1,2
5916,1,2
5925,1,2
5930,1,2
5935,1,2
5944,1,2
5975,1,2
5991,1,2
5995,1,2
5998,1,2
6001,1,2
6045,1,2
6058,1,2
6068,1,2
6107,1,2
6143,1,2
6167,1,2
6191,1,2
6216,1,2
6229,1,2
6239,1,2
6276,1,2
6277,1,2
6305,1,2
6311,1,2
6314,1,2
6356,1,2
6367,1,2
6374,1,2
6413,1,2
6435,1,2
6452,1,2
6460,1,2
6479,1,2
6498,1,2
6507,1,2
6519,1,2
6567,1,2
6575,1,2
6624,1,2
6665,1,2
6683,1,2
6685,1,2
6695,1,2
6702,1,2
6741,1,2
6823,1,2
6851,1,2
6858,1,2
6868,1,2
6888,1,2
6897,1,2
6909,1,2
7034,1,2
7085,1,2
7125,1,2
7128,1,2
7130,1,2
7132,1,2
7133,1,2
7181,1,2
7182,1,2
7211,1,2
7224,1,2
7303,1,2
7382,1,2
7384,1,2
7419,1,2
7448,1,2
7493,1,2
7496,1,2
7531,1,2
7544,1,2
7589,1,2
7593,1,2
7620,1,2
7623,1,2
7636,1,2
7673,1,2
7677,1,2
7741,1,2
7766,1,2
7776,1,2
7782,1,2
7811,1,2
7876,1,2
7881,1,2
7929,1,2
7936,1,2
8014,1,2
8060,1,2
8123,1,2
8139,1,2
8164,1,2
8168,1,2
8201,1,2
8216,1,2
8229,1,2
8230,1,2
8257,1,2
8259,1,2
8324,1,2
8330,1,2
8336,1,2
8344,1,2
8356,1,2
8369,1,2
8372,1,2
8433,1,2
8445,1,2
8453,1,2
8458,1,2
8504,1,2
8511,1,2
8539,1,2
8554,1,2
8581,1,2
8597,1,2
8653,1,2
8661,1,2
8665,1,2
8680,1,2
8718,1,2
8735,1,2
8748,1,2
8749,1,2
8757,1,2
8814,1,2
8826,1,2
8854,1,2
8856,1,2
8907,1,2
8934,1,2
8948,1,2
8964,1,2
8969,1,2
8974,1,2
8985,1,2
9043,1,2
9077,1,2
9080,1,2
9081,1,2
9090,1,2
9128,1,2
9159,1,2
9163,1,2
9179,1,2
9202,1,2
9233,1,2
9236,1,2
9238,1,2
9246,1,2
9256,1,2
9259,1,2
9311,1,2
9314,1,2
9316,1,2
9326,1,2
9344,1,2
9349,1,2
9354,1,2
9383,1,2
9390,1,2
9451,1,2
9472,1,2
9476,1,2
9488,1,2
9549,1,2
9582,1,2
9616,1,2
9627,1,2
9641,1,2
9647,1,2
9658,1,2
9711,1,2
9720,1,2
9757,1,2
9785,1,2
9787,1,2
9793,1,2
9876,1,2
9913,1,2
9914,1,2
9931,1,2
9965,1,2
9991,1,2
9994,1,2
10045,1,2
10055,1,2
10080,1,2
10112,1,2
10133,1,2
10144,1,2
10162,1,2
10221,1,2
10249,1,2
10267,1,2
10284,1,2
10298,1,2
10323,1,2
10350,1,2
10364,1,2
10383,1,2
10402,1,2
10409,1,2
10458,1,2
10464,1,2
10541,1,2
10550,1,2
10554,1,2
10560,1,2
10567,1,2
10569,1,2
10578,1,2
10580,1,2
10587,1,2
10596,1,2
10597,1,2
10620,1,2
10632,1,2
10647,1,2
10653,1,2
10657,1,2
10676,1,2
10843,1,2
10860,1,2
10866,1,2
10878,1,2
10881,1,2
10901,1,2
10940,1,2
10960,1,2
10963,1,2
10965,1,2
10984,1,2
10996,1,2
11000,1,2
11004,1,2
11017,1,2
11020,1,2
11048,1,2
11064,1,2
11081,1,2
11082,1,2
11094,1,2
11119,1,2
11138,1,2
11156,1,2
11184,1,2
11192,1,2
11212,1,2
11281,1,2
11332,1,2
11353,1,2
11391,1,2
11400,1,2
11419,1,2
11430,1,2
11437,1,2
11445,1,2
11453,1,2
11466,1,2
11485,1,2
11514,1,2
11547,1,2
11548,1,2
11558,1,2
11566,1,2
11655,1,2
11699,1,2
11710,1,2
11743,1,2
11756,1,2
11768,1,2
11780,1,2
11800,1,2
11809,1,2
11822,1,2
11850,1,2
11917,1,2
11933,1,2
11970,1,2
12022,1,2
12046,1,2
12076,1,2
12097,1,2
12110,1,2
12158,1,2
12175,1,2
12202,1,2
12230,1,2
12241,1,2
12250,1,2
12256,1,2
12270,1,2
12284,1,2
12380,1,2
12391,1,2
12394,1,2
12424,1,2
12427,1,2
12449,1,2
12464,1,2
12479,1,2
12480,1,2
12490,1,2
12504,1,2
12588,1,2
12618,1,2
12637,1,2
12645,1,2
12652,1,2
12660,1,2
12681,1,2
12683,1,2
12700,1,2
12731,1,2
12753,1,2
12767,1,2
12803,1,2
12810,1,2
12816,1,2
12833,1,2
12836,1,2
12840,1,2
12862,1,2
12881,1,2
12892,1,2
12964,1,2
12980,1,2
12995,1,2
12997,1,2
13012,1,2
13015,1,2
13024,1,2
13049,1,2
13081,1,2
13086,1,2
13092,1,2
13097,1,2
13123,1,2
13168,1,2
13173,1,2
13193,1,2
13198,1,2
13204,1,2
13205,1,2
13225,1,2
13228,1,2
13232,1,2
13236,1,2
13291,1,2
13309,1,2
13389,1,2
13431,1,2
13440,1,2
13451,1,2
13466,1,2
13478,1,2
13506,1,2
13568,1,2
13579,1,2
13599,1,2
13613,1,2
13614,1,2
13629,1,2
13637,1,2
13638,1,2
13655,1,2
13656,1,2
13677,1,2
13693,1,2
13783,1,2
13784,1,2
13798,1,2
13981,1,2
14025,1,2
14048,1,2
14144,1,2
14150,1,2
14151,1,2
14152,1,2
14160,1,2
14172,1,2
14196,1,2
14236,1,2
14257,1,2
14260,1,2
14263,1,2
14274,1,2
14308,1,2
14351,1,2
14357,1,2
14409,1,2
14424,1,2
14442,1,2
14460,1,2
14464,1,2
14479,1,2
14516,1,2
14522,1,2
14539,1,2
14570,1,2
14580,1,2
14652,1,2
14653,1,2
14664,1,2
14687,1,2
14691,1,2
14693,1,2
14708,1,2
14771,1,2
14841,1,2
14849,1,2
14863,1,2
14866,1,2
14882,1,2
14930,1,2
14938,1,2
14943,1,2
14959,1,2
15055,1,2
15056,1,2
15123,1,2
15135,1,2
15206,1,2
15241,1,2
15244,1,2
15271,1,2
15287,1,2
15311,1,2
15377,1,2
15412,1,2
15418,1,2
15433,1,2
15454,1,2
15481,1,2
15494,1,2
15564,1,2
15579,1,2
15592,1,2
15630,1,2
15647,1,2
15674,1,2
15694,1,2
15746,1,2
15784,1,2
15826,1,2
15857,1,2
15867,1,2
15891,1,2
15938,1,2
15945,1,2
15976,1,2
15995,1,2
16024,1,2
16055,1,2
16081,1,2
16098,1,2
16125,1,2
16174,1,2
16208,1,2
16244,1,2
16296,1,2
16319,1,2
16332,1,2
16384,1,2
16385,1,2
16387,1,2
16401,1,2
16441,1,2
16450,1,2
16464,1,2
16485,1,2
16509,1,2
16545,1,2
16549,1,2
16565,1,2
16636,1,2
16689,1,2
16694,1,2
16699,1,2
16711,1,2
16754,1,2
16763,1,2
16776,1,2
16788,1,2
16872,1,2
16878,1,2
16920,1,2
16956,1,2
17000,1,2
17039,1,2
17043,1,2
17082,1,2
17147,1,2
17153,1,2
17181,1,2
17182,1,2
17213,1,2
17245,1,2
17277,1,2
17347,1,2
17361,1,2
17377,1,2
17386,1,2
17398,1,2
17442,1,2
17446,1,2
17475,1,2
17476,1,2
17557,1,2
17578,1,2
17585,1,2
17595,1,2
17641,1,2
17643,1,2
17646,1,2
17664,1,2
17700,1,2
17722,1,2
17724,1,2
17745,1,2
17772,1,2
17813,1,2
17823,1,2
17827,1,2
17842,1,2
17898,1,2
17909,1,2
17914,1,2
17926,1,2
17927,1,2
17964,1,2
17985,1,2
18077,1,2
18091,1,2
18100,1,2
18101,1,2
18110,1,2
18126,1,2
18131,1,2
18154,1,2
18239,1,2
18248,1,2
18276,1,2
18326,1,2
18327,1,2
18353,1,2
18360,1,2
18372,1,2
18379,1,2
18387,1,2
18405,1,2
18421,1,2
18454,1,2
18476,1,2
18488,1,2
18569,1,2
18572,1,2
18644,1,2
18655,1,2
18659,1,2
18688,1,2
18695,1,2
18700,1,2
18817,1,2
18838,1,2
18863,1,2
18874,1,2
18913,1,2
18918,1,2
18937,1,2
18939,1,2
18950,1,2
18962,1,2
18999,1,2
19003,1,2
19026,1,2
19033,1,2
19116,1,2
19150,1,2
19160,1,2
19164,1,2
19193,1,2
19210,1,2
19230,1,2
19241,1,2
19243,1,2
19273,1,2
19294,1,2
19305,1,2
19326,1,2
19341,1,2
19365,1,2
19377,1,2
19399,1,2
19406,1,2
19419,1,2
19423,1,2
19424,1,2
19430,1,2
19443,1,2
19459,1,2
19521,1,2
19534,1,2
19535,1,2
19557,1,2
19591,1,2
19592,1,2
19597,1,2
19601,1,2
19619,1,2
19677,1,2
19695,1,2
19697,1,2
19708,1,2
19747,1,2
19755,1,2
19775,1,2
19777,1,2
19797,1,2
19821,1,2
19822,1,2
19845,1,2
19846,1,2
19860,1,2
19875,1,2
19901,1,2
19928,1,2
19937,1,2
19966,1,2
19975,1,2
19980,1,2
19984,1,2
19996,1,2
20005,1,2
20012,1,2
20015,1,2
20024,1,2
20037,1,2
20038,1,2
20039,1,2
20070,1,2
20072,1,2
20073,1,2
20138,1,2
20194,1,2
20206,1,2
20231,1,2
20256,1,2
20261,1,2
20279,1,2
20287,1,2
20303,1,2
20338,1,2
20344,1,2
20400,1,2
20408,1,2
20414,1,2
20455,1,2
20494,1,2
20504,1,2
20513,1,2
20540,1,2
20546,1,2
20555,1,2
20593,1,2
20609,1,2
20637,1,2
20683,1,2
20709,1,2
20738,1,2
20756,1,2
20779,1,2
20781,1,2
20816,1,2
20830,1,2
20851,1,2
20860,1,2
20869,1,2
20873,1,2
20879,1,2
20895,1,2
20904,1,2
20910,1,2
20989,1,2
21009,1,2
21030,1,2
21039,1,2
21055,1,2
21058,1,2
21067,1,2
21099,1,2
21109,1,2
21124,1,2
21142,1,2
21158,1,2
21227,1,2
21251,1,2
21276,1,2
21307,1,2
21310,1,2
21331,1,2
21342,1,2
21365,1,2
21405,1,2
21421,1,2
21424,1,2
21440,1,2
21566,1,2
21594,1,2
21627,1,2
21635,1,2
21637,1,2
21649,1,2
21650,1,2
21654,1,2
21675,1,2
21705,1,2
21711,1,2
21722,1,2
21734,1,2
21766,1,2
21777,1,2
21778,1,2
21833,1,2
21841,1,2
21849,1,2
21851,1,2
21866,1,2
21907,1,2
21930,1,2
21934,1,2
21953,1,2
22004,1,2
22025,1,2
22073,1,2
22096,1,2
22098,1,2
22100,1,2
22177,1,2
22203,1,2
22222,1,2
22230,1,2
22232,1,2
22233,1,2
22309,1,2
22318,1,2
22322,1,2
22327,1,2
22332,1,2
22338,1,2
22381,1,2
22410,1,2
22460,1,2
22476,1,2
22487,1,2
22506,1,2
22508,1,2
22520,1,2
22521,1,2
22573,1,2
22637,1,2
22638,1,2
22644,1,2
22673,1,2
22710,1,2
22711,1,2
22745,1,2
22780,1,2
22781,1,2
22819,1,2
22876,1,2
22883,1,2
22885,1,2
22903,1,2
22924,1,2
22941,1,2
22943,1,2
22955,1,2
22958,1,2
22973,1,2
23002,1,2
23031,1,2
23053,1,2
23068,1,2
23069,1,2
23096,1,2
23116,1,2
23131,1,2
23135,1,2
23152,1,2
23155,1,2
23176,1,2
23178,1,2
23248,1,2
23255,1,2
23276,1,2
23280,1,2
23303,1,2
23319,1,2
23352,1,2
23365,1,2
23372,1,2
23443,1,2
23487,1,2
23494,1,2
23508,1,2
23553,1,2
23557,1,2
23568,1,2
23589,1,2
23597,1,2
23606,1,2
23619,1,2
23693,1,2
23702,1,2
23736,1,2
23746,1,2
23814,1,2
23821,1,2
23823,1,2
23831,1,2
23833,1,2
23854,1,2
23887,1,2
23974,1,2
23987,1,2
24024,1,2
24043,1,2
24048,1,2
24063,1,2
24097,1,2
24155,1,2
24166,1,2
24174,1,2
24177,1,2
24178,1,2
24188,1,2
24220,1,2
24253,1,2
24263,1,2
24272,1,2
24281,1,2
24308,1,2
24314,1,2
24353,1,2
24359,1,2
24393,1,2
24410,1,2
24411,1,2
24412,1,2
24423,1,2
24447,1,2
24468,1,2
24470,1,2
24478,1,2
24489,1,2
24490,1,2
24491,1,2
24500,1,2
24521,1,2
24529,1,2
24552,1,2
24582,1,2
24583,1,2
24595,1,2
24599,1,2
24613,1,2
24656,1,2
24668,1,2
24688,1,2
24689,1,2
24720,1,2
24728,1,2
24760,1,2
24784,1,2
24811,1,2
24839,1,2
24840,1,2
24869,1,2
24870,1,2
24922,1,2
24936,1,2
24973,1,2
24976,1,2
25004,1,2
25007,1,2
25017,1,2
25019,1,2
25031,1,2
25058,1,2
25060,1,2
25082,1,2
25106,1,2
25118,1,2
25124,1,2
25125,1,2
25224,1,2
25251,1,2
25276,1,2
25293,1,2
25306,1,2
25314,1,2
25336,1,2
25338,1,2
25370,1,2
25377,1,2
25408,1,2
25414,1,2
25476,1,2
25479,1,2
25504,1,2
25533,1,2
25553,1,2
25561,1,2
25617,1,2
25624,1,2
25628,1,2
25668,1,2
25672,1,2
25699,1,2
25715,1,2
25751,1,2
25763,1,2
25774,1,2
25810,1,2
25819,1,2
25845,1,2
25852,1,2
25863,1,2
25878,1,2
25909,1,2
25915,1,2
25931,1,2
25956,1,2
25984,1,2
26014,1,2
26049,1,2
26054,1,2
26080,1,2
26104,1,2
26138,1,2
26142,1,2
26143,1,2
26161,1,2
26211,1,2
26215,1,2
26235,1,2
26268,1,2
26293,1,2
26310,1,2
26340,1,2
26353,1,2
26362,1,2
26387,1,2
26390,1,2
26400,1,2
26409,1,2
26410,1,2
26431,1,2
26432,1,2
26486,1,2
26498,1,2
26501,1,2
26503,1,2
26523,1,2
26557,1,2
26569,1,2
26585,1,2
26586,1,2
26646,1,2
26685,1,2
26691,1,2
26694,1,2
26696,1,2
26698,1,2
26699,1,2
26727,1,2
26730,1,2
26736,1,2
26747,1,2
26763,1,2
26773,1,2
26777,1,2
26783,1,2
26785,1,2
26796,1,2
26808,1,2
26848,1,2
26849,1,2
26857,1,2
26879,1,2
26883,1,2
26884,1,2
26893,1,2
26895,1,2
26896,1,2
26902,1,2
26939,1,2
26972,1,2
26973,1,2
27020,1,2
27035,1,2
27072,1,2
27077,1,2
27088,1,2
27113,1,2
27141,1,2
27145,1,2
27149,1,2
27158,1,2
27228,1,2
27255,1,2
27265,1,2
27278,1,2
27291,1,2
27300,1,2
27305,1,2
27319,1,2
27330,1,2
27337,1,2
27342,1,2
27352,1,2
27399,1,2
27402,1,2
27427,1,2
27492,1,2
27539,1,2
27544,1,2
27557,1,2
27559,1,2
27595,1,2
27599,1,2
27606,1,2
27611,1,2
27632,1,2
27640,1,2
27676,1,2
27681,1,2
27689,1,2
27717,1,2
27725,1,2
27735,1,2
27779,1,2
27783,1,2
27785,1,2
27819,1,2
27823,1,2
27826,1,2
27838,1,2
27842,1,2
27847,1,2
27856,1,2
27891,1,2
27900,1,2
27917,1,2
27925,1,2
27935,1,2
27936,1,2
27978,1,2
27987,1,2
27993,1,2
27998,1,2
27999,1,2
28019,1,2
28053,1,2
28059,1,2
28083,1,2
28107,1,2
28108,1,2
28142,1,2
28173,1,2
28174,1,2
28178,1,2
28186,1,2
28198,1,2
28205,1,2
28233,1,2
28243,1,2
28256,1,2
28268,1,2
28306,1,2
28317,1,2
28321,1,2
28345,1,2
28362,1,2
28368,1,2
28383,1,2
28400,1,2
28406,1,2
28426,1,2
28446,1,2
28470,1,2
28497,1,2
28498,1,2
28510,1,2
28513,1,2
28528,1,2
28535,1,2
28544,1,2
28557,1,2
28575,1,2
28585,1,2
28603,1,2
28621,1,2
28652,1,2
28655,1,2
28683,1,2
28695,1,2
28707,1,2
28713,1,2
28732,1,2
28739,1,2
28748,1,2
28752,1,2
28754,1,2
28756,1,2
28771,1,2
28792,1,2
28794,1,2
28819,1,2
28842,1,2
28870,1,2
28878,1,2
28880,1,2
28908,1,2
28921,1,2
28922,1,2
28941,1,2
28947,1,2
28948,1,2
28996,1,2
29002,1,2
29010,1,2
29011,1,2
29034,1,2
29041,1,2
29043,1,2
29070,1,2
29072,1,2
29078,1,2
29082,1,2
29130,1,2
29143,1,2
29147,1,2
29161,1,2
29171,1,2
29175,1,2
29208,1,2
29211,1,2
29218,1,2
29248,1,2
29258,1,2
29262,1,2
29270,1,2
29295,1,2
29302,1,2
29316,1,2
29325,1,2
29335,1,2
29339,1,2
29355,1,2
29380,1,2
29390,1,2
29405,1,2
29433,1,2
29434,1,2
29440,1,2
29460,1,2
29467,1,2
29487,1,2
29488,1,2
29502,1,2
29505,1,2
29507,1,2
29512,1,2
29518,1,2
29521,1,2
29524,1,2
29553,1,2
29566,1,2
29575,1,2
29586,1,2
29616,1,2
29626,1,2
29646,1,2
29647,1,2
29661,1,2
29681,1,2
29709,1,2
29712,1,2
29748,1,2
29749,1,2
29798,1,2
29800,1,2
29817,1,2
29820,1,2
29828,1,2
29833,1,2
29834,1,2
29862,1,2
29931,1,2
29936,1,2
29941,1,2
29945,1,2
29946,1,2
29949,1,2
29955,1,2
29979,1,2
29985,1,2
30000,1,2
30014,1,2
30024,1,2
30053,1,2
30054,1,2
30075,1,2
30121,1,2
30130,1,2
30143,1,2
30153,1,2
30158,1,2
30165,1,2
30175,1,2
30180,1,2
30195,1,2
30199,1,2
30208,1,2
30214,1,2
30230,1,2
30255,1,2
30290,1,2
30306,1,2
30308,1,2
30331,1,2
30367,1,2
30373,1,2
30384,1,2
30386,1,2
30391,1,2
30394,1,2
30408,1,2
30415,1,2
30422,1,2
30452,1,2
30465,1,2
30472,1,2
30496,1,2
30509,1,2
30556,1,2
30567,1,2
30579,1,2
30596,1,2
30604,1,2
30606,1,2
30610,1,2
30634,1,2
30650,1,2
30653,1,2
30659,1,2
30676,1,2
30687,1,2
30703,1,2
30704,1,2
30711,1,2
30725,1,2
30736,1,2
30754,1,2
30755,1,2
30760,1,2
30765,1,2
30774,1,2
30777,1,2
30778,1,2
30780,1,2
30800,1,2
30801,1,2
30875,1,2
30877,1,2
30880,1,2
30915,1,2
30917,1,2
30925,1,2
30931,1,2
30940,1,2
30947,1,2
30951,1,2
30969,1,2
30977,1,2
30989,1,2
30991,1,2
30999,1,2
31003,1,2
31010,1,2
31011,1,2
31012,1,2
31013,1,2
31026,1,2
31087,1,2
31117,1,2
31126,1,2
31144,1,2
31159,1,2
31173,1,2
31184,1,2
31186,1,2
31189,1,2
31230,1,2
31232,1,2
31241,1,2
31253,1,2
31271,1,2
31274,1,2
31300,1,2
31305,1,2
31309,1,2
31339,1,2
31347,1,2
31349,1,2
31362,1,2
31370,1,2
31399,1,2
31426,1,2
31431,1,2
31433,1,2
31439,1,2
31444,1,2
31457,1,2
31458,1,2
31475,1,2
31485,1,2
31490,1,2
31496,1,2
31519,1,2
31545,1,2
31554,1,2
31573,1,2
31595,1,2
31605,1,2
31634,1,2
31638,1,2
31640,1,2
31647,1,2
31667,1,2
31698,1,2
31727,1,2
31739,1,2
31742,1,2
31743,1,2
31753,1,2
31779,1,2
31786,1,2
31790,1,2
31792,1,2
31797,1,2
31806,1,2
31830,1,2
31831,1,2
31832,1,2
31834,1,2
31874,1,2
31878,1,2
31902,1,2
31906,1,2
31912,1,2
31919,1,2
31926,1,2
31940,1,2
31947,1,2
31953,1,2
31969,1,2
31979,1,2
31995,1,2
31998,1,2
32018,1,2
32026,1,2
32042,1,2
32047,1,2
32067,1,2
32078,1,2
32114,1,2
32115,1,2
32138,1,2
32139,1,2
32142,1,2
32146,1,2
32158,1,2
32170,1,2
32172,1,2
32192,1,2
32199,1,2
32209,1,2
32226,1,2
32246,1,2
32258,1,2
32259,1,2
32273,1,2
32274,1,2
32276,1,2
32293,1,2
32298,1,2
32305,1,2
32308,1,2
32318,1,2
32334,1,2
32335,1,2
32339,1,2
32348,1,2
32371,1,2
32373,1,2
32375,1,2
32386,1,2
32415,1,2
32417,1,2
32442,1,2
32458,1,2
32464,1,2
32467,1,2
32503,1,2
32507,1,2
32550,1,2
32555,1,2
32586,1,2
32588,1,2
32590,1,2
32603,1,2
32625,1,2
32646,1,2
32657,1,2
32668,1,2
32710,1,2
32713,1,2
32721,1,2
32727,1,2
32847,1,2
32851,1,2
32864,1,2
32879,1,2
32881,1,2
32904,1,2
32918,1,2
32941,1,2
32960,1,2
32966,1,2
32991,1,2
33036,1,2
33043,1,2
33055,1,2
33057,1,2
33063,1,2
33076,1,2
33099,1,2
33114,1,2
33157,1,2
33160,1,2
33162,1,2
33163,1,2
33174,1,2
33184,1,2
33191,1,2
33204,1,2
33207,1,2
33230,1,2
33248,1,2
33249,1,2
33273,1,2
33308,1,2
33332,1,2
33350,1,2
33360,1,2
33364,1,2
33378,1,2
33379,1,2
33387,1,2
33392,1,2
33394,1,2
33407,1,2
33408,1,2
33426,1,2
33430,1,2
33433,1,2
33444,1,2
33449,1,2
33453,1,2
33454,1,2
33472,1,2
33492,1,2
33502,1,2
33503,1,2
33509,1,2
33524,1,2
33528,1,2
33544,1,2
33550,1,2
33552,1,2
33569,1,2
33582,1,2
33583,1,2
33627,1,2
33631,1,2
33635,1,2
33639,1,2
33642,1,2
33649,1,2
33651,1,2
33653,1,2
33670,1,2
33671,1,2
33681,1,2
33705,1,2
33708,1,2
33717,1,2
33734,1,2
33738,1,2
33747,1,2
33750,1,2
33759,1,2
33771,1,2
33790,1,2
33793,1,2
33808,1,2
33850,1,2
33856,1,2
33863,1,2
33892,1,2
33926,1,2
33931,1,2
33933,1,2
33954,1,2
33964,1,2
33970,1,2
33995,1,2
34007,1,2
34035,1,2
34044,1,2
34067,1,2
34106,1,2
34110,1,2
34116,1,2
34118,1,2
34122,1,2
34152,1,2
34176,1,2
34191,1,2
34198,1,2
34216,1,2
34257,1,2
34282,1,2
34295,1,2
34305,1,2
34313,1,2
34345,1,2
34350,1,2
34352,1,2
34355,1,2
34366,1,2
34386,1,2
34404,1,2
34412,1,2
34422,1,2
34432,1,2
34436,1,2
34438,1,2
34443,1,2
34445,1,2
34446,1,2
34463,1,2
34493,1,2
34500,1,2
34505,1,2
34545,1,2
34552,1,2
34555,1,2
34556,1,2
34571,1,2
34611,1,2
34651,1,2
34652,1,2
34677,1,2
34706,1,2
34715,1,2
34719,1,2
34736,1,2
34744,1,2
34755,1,2
34756,1,2
34759,1,2
34783,1,2
34793,1,2
34820,1,2
34822,1,2
34834,1,2
34835,1,2
34844,1,2
34845,1,2
34858,1,2
34871,1,2
34876,1,2
34881,1,2
34888,1,2
34951,1,2
34962,1,2
34986,1,2
34987,1,2
34996,1,2
35007,1,2
35017,1,2
35033,1,2
35043,1,2
35051,1,2
35054,1,2
35087,1,2
35128,1,2
35141,1,2
35156,1,2
35160,1,2
35169,1,2
35195,1,2
35199,1,2
35211,1,2
35217,1,2
35244,1,2
35270,1,2
35275,1,2
35294,1,2
35301,1,2
35315,1,2
35355,1,2
35362,1,2
35386,1,2
35403,1,2
35413,1,2
35435,1,2
35438,1,2
35480,1,2
35489,1,2
35492,1,2
35506,1,2
35509,1,2
35510,1,2
35526,1,2
35527,1,2
35532,1,2
35543,1,2
35565,1,2
35577,1,2
35583,1,2
35601,1,2
35607,1,2
35672,1,2
35678,1,2
35701,1,2
35715,1,2
35726,1,2
35768,1,2
35824,1,2
35838,1,2
35847,1,2
35866,1,2
35890,1,2
35901,1,2
35946,1,2
35947,1,2
36004,1,2
36020,1,2
36025,1,2
36026,1,2
36027,1,2
36039,1,2
36046,1,2
36050,1,2
36053,1,2
36055,1,2
36075,1,2
36124,1,2
36141,1,2
36152,1,2
36186,1,2
36190,1,2
36243,1,2
36246,1,2
36283,1,2
36351,1,2
36394,1,2
36400,1,2
36405,1,2
36435,1,2
36443,1,2
36451,1,2
36475,1,2
36477,1,2
36537,1,2
36543,1,2
36547,1,2
36556,1,2
36580,1,2
36583,1,2
36611,1,2
36638,1,2
36640,1,2
36641,1,2
36652,1,2
36696,1,2
36708,1,2
36709,1,2
36715,1,2
36716,1,2
36725,1,2
36742,1,2
36746,1,2
36750,1,2
36777,1,2
36790,1,2
36792,1,2
36795,1,2
36801,1,2
36812,1,2
36831,1,2
36832,1,2
36833,1,2
36838,1,2
36865,1,2
36907,1,2
36922,1,2
36939,1,2
36959,1,2
36989,1,2
37033,1,2
37060,1,2
37073,1,2
37074,1,2
37082,1,2
37093,1,2
37134,1,2
37160,1,2
37222,1,2
37313,1,2
37332,1,2
37333,1,2
37349,1,2
37368,1,2
37391,1,2
37428,1,2
37470,1,2
37516,1,2
37531,1,2
37549,1,2
37577,1,2
37625,1,2
37640,1,2
37719,1,2
37734,1,2
37737,1,2
37747,1,2
37751,1,2
37798,1,2
37803,1,2
37806,1,2
37842,1,2
37913,1,2
37917,1,2
37929,1,2
37955,1,2
37966,1,2
37976,1,2
38027,1,2
38048,1,2
38049,1,2
38052,1,2
38080,1,2
38088,1,2
38147,1,2
38155,1,2
38156,1,2
38169,1,2
38174,1,2
38175,1,2
38206,1,2
38213,1,2
38267,1,2
38300,1,2
38309,1,2
38313,1,2
38324,1,2
38376,1,2
38424,1,2
38442,1,2
38528,1,2
38544,1,2
38548,1,2
38579,1,2
38608,1,2
38660,1,2
38676,1,2
38682,1,2
38686,1,2
38711,1,2
38718,1,2
38756,1,2
38786,1,2
38805,1,2
38866,1,2
38910,1,2
38925,1,2
38938,1,2
38963,1,2
38967,1,2
38988,1,2
38989,1,2
39004,1,2
39011,1,2
39078,1,2
39081,1,2
39083,1,2
39185,1,2
39187,1,2
39221,1,2
39229,1,2
39270,1,2
39278,1,2
39289,1,2
39305,1,2
39306,1,2
39311,1,2
39333,1,2
39340,1,2
39346,1,2
39389,1,2
39397,1,2
39398,1,2
39450,1,2
39451,1,2
39479,1,2
39481,1,2
39485,1,2
39501,1,2
39506,1,2
39510,1,2
39549,1,2
39555,1,2
39573,1,2
39639,1,2
39678,1,2
39704,1,2
39711,1,2
39723,1,2
39725,1,2
39746,1,2
39750,1,2
39863,1,2
39871,1,2
39892,1,2
39896,1,2
39905,1,2
39919,1,2
39927,1,2
39960,1,2
39963,1,2
40001,1,2
40011,1,2
40041,1,2
40055,1,2
40093,1,2
40109,1,2
40122,1,2
40128,1,2
40156,1,2
40178,1,2
40180,1,2
40190,1,2
40195,1,2
40216,1,2
40226,1,2
40264,1,2
40269,1,2
40272,1,2
40274,1,2
40290,1,2
40292,1,2
40297,1,2
40316,1,2
40321,1,2
40357,1,2
40385,1,2
40392,1,2
40400,1,2
40417,1,2
40447,1,2
40492,1,2
40497,1,2
40511,1,2
40539,1,2
40554,1,2
40565,1,2
40590,1,2
40593,1,2
40594,1,2
40614,1,2
40639,1,2
40650,1,2
40677,1,2
40691,1,2
40693,1,2
40697,1,2
40715,1,2
40723,1,2
40729,1,2
40734,1,2
40745,1,2
40753,1,2
40788,1,2
40794,1,2
40811,1,2
40836,1,2
40869,1,2
40877,1,2
40895,1,2
40902,1,2
40915,1,2
40955,1,2
40992,1,2
41007,1,2
41051,1,2
41103,1,2
41134,1,2
41142,1,2
41184,1,2
41213,1,2
41215,1,2
41216,1,2
41255,1,2
41281,1,2
41287,1,2
41310,1,2
41316,1,2
41318,1,2
41332,1,2
41334,1,2
41359,1,2
41364,1,2
41366,1,2
41371,1,2
41392,1,2
41439,1,2
41441,1,2
41442,1,2
41469,1,2
41480,1,2
41503,1,2
41504,1,2
41510,1,2
41527,1,2
41528,1,2
41536,1,2
41538,1,2
41544,1,2
41548,1,2
41557,1,2
41566,1,2
41667,1,2
41679,1,2
41710,1,2
41739,1,2
41742,1,2
41792,1,2
41800,1,2
41823,1,2
41843,1,2
41858,1,2
41862,1,2
41871,1,2
41883,1,2
41930,1,2
41954,1,2
41955,1,2
41998,1,2
42028,1,2
42038,1,2
42049,1,2
42062,1,2
42072,1,2
42101,1,2
42113,1,2
42124,1,2
42141,1,2
42154,1,2
42165,1,2
42175,1,2
42180,1,2
42212,1,2
42219,1,2
42222,1,2
42226,1,2
42256,1,2
42258,1,2
42264,1,2
42268,1,2
42269,1,2
42304,1,2
42312,1,2
42408,1,2
42411,1,2
42480,1,2
42481,1,2
42492,1,2
42521,1,2
42522,1,2
42536,1,2
42545,1,2
42557,1,2
42566,1,2
42569,1,2
42603,1,2
42619,1,2
42627,1,2
42652,1,2
42676,1,2
42683,1,2
42697,1,2
42721,1,2
42739,1,2
42767,1,2
42775,1,2
42833,1,2
42845,1,2
42887,1,2
42894,1,2
42895,1,2
42903,1,2
42909,1,2
42942,1,2
43006,1,2
43016,1,2
43073,1,2
43078,1,2
43094,1,2
43100,1,2
43114,1,2
43115,1,2
43185,1,2
43211,1,2
43216,1,2
43238,1,2
43258,1,2
43289,1,2
43309,1,2
43367,1,2
43381,1,2
43388,1,2
43432,1,2
43435,1,2
43473,1,2
43481,1,2
43507,1,2
43516,1,2
43531,1,2
43533,1,2
43547,1,2
43619,1,2
43636,1,2
43649,1,2
43653,1,2
43667,1,2
43669,1,2
43712,1,2
43732,1,2
43742,1,2
43781,1,2
43792,1,2
43793,1,2
43798,1,2
43837,1,2
43854,1,2
43868,1,2
43892,1,2
43953,1,2
44001,1,2
44026,1,2
44032,1,2
44036,1,2
44045,1,2
44054,1,2
44060,1,2
44075,1,2
44119,1,2
44134,1,2
44144,1,2
44174,1,2
44196,1,2
44204,1,2
44209,1,2
44215,1,2
44237,1,2
44264,1,2
44272,1,2
44282,1,2
44288,1,2
44296,1,2
44370,1,2
44384,1,2
44394,1,2
44398,1,2
44425,1,2
44433,1,2
44460,1,2
44477,1,2
44478,1,2
44530,1,2
44535,1,2
44569,1,2
44574,1,2
44584,1,2
44594,1,2
44603,1,2
44635,1,2
44680,1,2
44681,1,2
44714,1,2
44729,1,2
44740,1,2
44741,1,2
44791,1,2
44859,1,2
44868,1,2
44869,1,2
44907,1,2
44908,1,2
44926,1,2
44930,1,2
44935,1,2
44940,1,2
44941,1,2
44944,1,2
44972,1,2
44979,1,2
44993,1,2
45000,1,2
45083,1,2
45086,1,2
45103,1,2
45111,1,2
45114,1,2
45126,1,2
45128,1,2
45160,1,2
45165,1,2
45166,1,2
45169,1,2
45192,1,2
45224,1,2
45233,1,2
45234,1,2
45246,1,2
45253,1,2
45258,1,2
45303,1,2
45306,1,2
45326,1,2
45328,1,2
45353,1,2
45501,1,2
45507,1,2
45514,1,2
45583,1,2
45590,1,2
45595,1,2
45608,1,2
45629,1,2
45703,1,2
45704,1,2
45707,1,2
45775,1,2
45816,1,2
45843,1,2
45909,1,2
45930,1,2
45951,1,2
45952,1,2
45986,1,2
46043,1,2
46093,1,2
46113,1,2
46131,1,2
46154,1,2
46206,1,2
46223,1,2
46234,1,2
46240,1,2
46269,1,2
46280,1,2
46319,1,2
46333,1,2
46347,1,2
46359,1,2
46376,1,2
46381,1,2
46383,1,2
46394,1,2
46395,1,2
46415,1,2
46417,1,2
46460,1,2
46463,1,2
46468,1,2
46485,1,2
46498,1,2
46530,1,2
46534,1,2
46551,1,2
46596,1,2
46614,1,2
46647,1,2
46657,1,2
46660,1,2
46663,1,2
46686,1,2
46688,1,2
46692,1,2
46709,1,2
46719,1,2
46730,1,2
46736,1,2
46748,1,2
46755,1,2
46758,1,2
46800,1,2
46837,1,2
46869,1,2
46883,1,2
46887,1,2
46904,1,2
46920,1,2
46932,1,2
46959,1,2
46961,1,2
46981,1,2
46991,1,2
46996,1,2
47048,1,2
47061,1,2
47073,1,2
47074,1,2
47144,1,2
47214,1,2
47231,1,2
47244,1,2
47249,1,2
47262,1,2
47264,1,2
47269,1,2
47289,1,2
47294,1,2
47308,1,2
47316,1,2
47327,1,2
47328,1,2
47330,1,2
47338,1,2
47340,1,2
47371,1,2
47419,1,2
47427,1,2
47457,1,2
47463,1,2
47531,1,2
47541,1,2
47543,1,2
47587,1,2
47606,1,2
47642,1,2
47650,1,2
47662,1,2
47694,1,2
47710,1,2
47716,1,2
47723,1,2
47758,1,2
47766,1,2
47767,1,2
47787,1,2
47800,1,2
47835,1,2
47837,1,2
47860,1,2
47863,1,2
47868,1,2
47870,1,2
47881,1,2
47907,1,2
47908,1,2
47914,1,2
47949,1,2
47954,1,2
48000,1,2
48050,1,2
48053,1,2
48055,1,2
48064,1,2
48084,1,2
48116,1,2
48139,1,2
48152,1,2
48153,1,2
48171,1,2
48173,1,2
48187,1,2
48206,1,2
48242,1,2
48257,1,2
48264,1,2
48276,1,2
48357,1,2
48365,1,2
48383,1,2
48386,1,2
48413,1,2
48434,1,2
48452,1,2
48500,1,2
48519,1,2
48535,1,2
48545,1,2
48549,1,2
48605,1,2
48609,1,2
48611,1,2
48622,1,2
48625,1,2
48630,1,2
48645,1,2
48660,1,2
48675,1,2
48676,1,2
48722,1,2
48732,1,2
48766,1,2
48774,1,2
48800,1,2
48848,1,2
48850,1,2
48871,1,2
48909,1,2
48925,1,2
48985,1,2
48989,1,2
48994,1,2
49016,1,2
49021,1,2
49024,1,2
49036,1,2
49057,1,2
49066,1,2
49129,1,2
49130,1,2
49132,1,2
49172,1,2
49194,1,2
49203,1,2
49234,1,2
49238,1,2
49252,1,2
49255,1,2
49264,1,2
49274,1,2
49275,1,2
49281,1,2
49300,1,2
49303,1,2
49310,1,2
49312,1,2
49314,1,2
49354,1,2
49370,1,2
49371,1,2
49379,1,2
49414,1,2
49416,1,2
49448,1,2
49464,1,2
49477,1,2
49481,1,2
49488,1,2
49496,1,2
49520,1,2
49554,1,2
49680,1,2
49689,1,2
49690,1,2
49707,1,2
49709,1,2
49747,1,2
49748,1,2
49788,1,2
49795,1,2
49842,1,2
49857,1,2
49858,1,2
49861,1,2
49933,1,2
49954,1,2
49962,1,2
49963,1,2
49984,1,2
49988,1,2
49999,1,2
50016,1,2
50023,1,2
50033,1,2
50036,1,2
50055,1,2
50073,1,2
50081,1,2
50137,1,2
50184,1,2
50209,1,2
50210,1,2
50211,1,2
50222,1,2
50255,1,2
50261,1,2
50271,1,2
50274,1,2
50281,1,2
50296,1,2
50297,1,2
50353,1,2
50361,1,2
50395,1,2
50549,1,2
50553,1,2
50565,1,2
50570,1,2
50592,1,2
50594,1,2
50662,1,2
50685,1,2
50696,1,2
50720,1,2
50721,1,2
50728,1,2
50746,1,2
50752,1,2
50797,1,2
50801,1,2
50813,1,2
50831,1,2
50834,1,2
50835,1,2
50852,1,2
50859,1,2
50863,1,2
50870,1,2
50898,1,2
50939,1,2
50992,1,2
51004,1,2
51017,1,2
51025,1,2
51040,1,2
51053,1,2
51069,1,2
51073,1,2
51087,1,2
51127,1,2
51145,1,2
51170,1,2
51177,1,2
51188,1,2
51198,1,2
51226,1,2
51242,1,2
51246,1,2
51247,1,2
51250,1,2
51318,1,2
51341,1,2
51383,1,2
51389,1,2
51392,1,2
51397,1,2
51399,1,2
51407,1,2
51428,1,2
51437,1,2
51446,1,2
51447,1,2
51460,1,2
51493,1,2
51507,1,2
51521,1,2
51526,1,2
51550,1,2
51554,1,2
51560,1,2
51573,1,2
51623,1,2
51647,1,2
51650,1,2
51663,1,2
51679,1,2
51695,1,2
51705,1,2
51706,1,2
51719,1,2
51723,1,2
51735,1,2
51740,1,2
51752,1,2
51756,1,2
51758,1,2
51764,1,2
51835,1,2
51868,1,2
51907,1,2
51912,1,2
51925,1,2
51930,1,2
51965,1,2
51972,1,2
51979,1,2
51995,1,2
52005,1,2
52016,1,2
52025,1,2
52054,1,2
52068,1,2
52081,1,2
52085,1,2
52103,1,2
52117,1,2
52120,1,2
52206,1,2
52234,1,2
52235,1,2
52250,1,2
52277,1,2
52279,1,2
52334,1,2
52343,1,2
52366,1,2
52368,1,2
52371,1,2
52382,1,2
52383,1,2
52386,1,2
52402,1,2
52410,1,2
52418,1,2
52464,1,2
52470,1,2
52473,1,2
52484,1,2
52523,1,2
52585,1,2
52592,1,2
52601,1,2
52649,1,2
52655,1,2
52680,1,2
52697,1,2
52699,1,2
52705,1,2
52706,1,2
52724,1,2
52763,1,2
52793,1,2
52813,1,2
52817,1,2
52827,1,2
52828,1,2
52876,1,2
52889,1,2
52906,1,2
52909,1,2
52914,1,2
52922,1,2
52931,1,2
52946,1,2
52954,1,2
52959,1,2
52979,1,2
52993,1,2
53022,1,2
53024,1,2
53031,1,2
53051,1,2
53072,1,2
53089,1,2
53093,1,2
53094,1,2
53112,1,2
53114,1,2
53180,1,2
53212,1,2
53260,1,2
53274,1,2
53296,1,2
53301,1,2
53308,1,2
53319,1,2
53335,1,2
53338,1,2
53353,1,2
53371,1,2
53378,1,2
53395,1,2
53436,1,2
53439,1,2
53458,1,2
53469,1,2
53471,1,2
53502,1,2
53522,1,2
53523,1,2
53601,1,2
53630,1,2
53652,1,2
53692,1,2
53694,1,2
53741,1,2
53749,1,2
53750,1,2
53785,1,2
53846,1,2
53862,1,2
53875,1,2
53884,1,2
53897,1,2
53911,1,2
53930,1,2
53972,1,2
53987,1,2
53996,1,2
54023,1,2
54027,1,2
54040,1,2
54063,1,2
54078,1,2
54081,1,2
54104,1,2
54110,1,2
54159,1,2
54161,1,2
54168,1,2
54177,1,2
54181,1,2
54188,1,2
54189,1,2
54191,1,2
54203,1,2
54227,1,2
54249,1,2
54255,1,2
54293,1,2
54325,1,2
54328,1,2
54339,1,2
54344,1,2
54365,1,2
54367,1,2
54384,1,2
54387,1,2
54426,1,2
54431,1,2
54447,1,2
54461,1,2
54551,1,2
54569,1,2
54596,1,2
54626,1,2
54639,1,2
54649,1,2
54658,1,2
54664,1,2
54674,1,2
54675,1,2
54710,1,2
54720,1,2
54749,1,2
54751,1,2
54764,1,2
54767,1,2
54770,1,2
54778,1,2
54793,1,2
54796,1,2
54839,1,2
54844,1,2
54849,1,2
54852,1,2
54860,1,2
54865,1,2
54874,1,2
54885,1,2
54917,1,2
54938,1,2
54943,1,2
54945,1,2
54961,1,2
54963,1,2
54983,1,2
54996,1,2
55035,1,2
55084,1,2
55135,1,2
55137,1,2
55142,1,2
55150,1,2
55160,1,2
55178,1,2
55233,1,2
55234,1,2
55243,1,2
55274,1,2
55281,1,2
55288,1,2
55293,1,2
55299,1,2
55304,1,2
55329,1,2
55334,1,2
55344,1,2
55363,1,2
55396,1,2
55426,1,2
55436,1,2
55458,1,2
55490,1,2
55494,1,2
55506,1,2
55530,1,2
55531,1,2
55539,1,2
55562,1,2
55586,1,2
55590,1,2
55592,1,2
55595,1,2
55611,1,2
55614,1,2
55618,1,2
55631,1,2
55637,1,2
55688,1,2
55714,1,2
55721,1,2
55723,1,2
55728,1,2
55735,1,2
55737,1,2
55749,1,2
55779,1,2
55782,1,2
55798,1,2
55878,1,2
55883,1,2
55912,1,2
55943,1,2
55948,1,2
55966,1,2
55967,1,2
56006,1,2
56025,1,2
56032,1,2
56041,1,2
56046,1,2
56077,1,2
56099,1,2
56111,1,2
56130,1,2
56135,1,2
56137,1,2
56138,1,2
56156,1,2
56161,1,2
56163,1,2
56168,1,2
56169,1,2
56175,1,2
56222,1,2
56267,1,2
56277,1,2
56328,1,2
56332,1,2
56335,1,2
56364,1,2
56375,1,2
56383,1,2
56389,1,2
56403,1,2
56404,1,2
56423,1,2
56452,1,2
56454,1,2
56479,1,2
56482,1,2
56508,1,2
56513,1,2
56535,1,2
56565,1,2
56566,1,2
56601,1,2
56615,1,2
56667,1,2
56672,1,2
56731,1,2
56752,1,2
56825,1,2
56850,1,2
56864,1,2
56888,1,2
56893,1,2
56916,1,2
56932,1,2
56980,1,2
56987,1,2
57012,1,2
57027,1,2
57038,1,2
57060,1,2
57098,1,2
57112,1,2
57119,1,2
57128,1,2
57129,1,2
57162,1,2
57182,1,2
57227,1,2
57240,1,2
57249,1,2
57250,1,2
57281,1,2
57291,1,2
57338,1,2
57397,1,2
57408,1,2
57413,1,2
57426,1,2
57463,1,2
57495,1,2
57497,1,2
57552,1,2
57566,1,2
57571,1,2
57590,1,2
57606,1,2
57619,1,2
57630,1,2
57633,1,2
57634,1,2
57705,1,2
57718,1,2
57732,1,2
57786,1,2
57815,1,2
57819,1,2
57850,1,2
57855,1,2
57870,1,2
57891,1,2
57902,1,2
57929,1,2
57946,1,2
57949,1,2
57954,1,2
57987,1,2
57995,1,2
58005,1,2
58016,1,2
58039,1,2
58040,1,2
58070,1,2
58114,1,2
58115,1,2
58132,1,2
58135,1,2
58136,1,2
58147,1,2
58153,1,2
58154,1,2
58178,1,2
58208,1,2
58234,1,2
58243,1,2
58254,1,2
58281,1,2
58286,1,2
58333,1,2
58383,1,2
58401,1,2
58418,1,2
58470,1,2
58476,1,2
58487,1,2
58515,1,2
58522,1,2
58571,1,2
58580,1,2
58611,1,2
58631,1,2
58635,1,2
58640,1,2
58662,1,2
58679,1,2
58707,1,2
58724,1,2
58749,1,2
58767,1,2
58785,1,2
58852,1,2
58878,1,2
58886,1,2
58910,1,2
58911,1,2
58994,1,2
59108,1,2
59109,1,2
59136,1,2
59163,1,2
59174,1,2
59176,1,2
59190,1,2
59284,1,2
59288,1,2
59327,1,2
59360,1,2
59370,1,2
59385,1,2
59394,1,2
59408,1,2
59432,1,2
59449,1,2
59472,1,2
59477,1,2
59514,1,2
59532,1,2
59552,1,2
59581,1,2
59631,1,2
59657,1,2
59677,1,2
59680,1,2
59691,1,2
59697,1,2
59709,1,2
59739,1,2
59751,1,2
59811,1,2
59815,1,2
59837,1,2
59873,1,2
59918,1,2
59920,1,2
59939,1,2
59946,1,2
59987,1,2
60027,1,2
60033,1,2
60036,1,2
60089,1,2
60092,1,2
60122,1,2
60124,1,2
60176,1,2
60183,1,2
60186,1,2
60190,1,2
60197,1,2
60208,1,2
60227,1,2
60231,1,2
60315,1,2
60318,1,2
60364,1,2
60367,1,2
60389,1,2
60397,1,2
60398,1,2
60435,1,2
60439,1,2
60452,1,2
60453,1,2
60472,1,2
60479,1,2
60505,1,2
60549,1,2
60562,1,2
60589,1,2
60591,1,2
60614,1,2
60626,1,2
60628,1,2
60645,1,2
60651,1,2
60669,1,2
60672,1,2
60680,1,2
60714,1,2
60719,1,2
60807,1,2
60836,1,2
60873,1,2
60887,1,2
60915,1,2
60935,1,2
60943,1,2
60962,1,2
60970,1,2
60986,1,2
60989,1,2
61013,1,2
61017,1,2
61020,1,2
61034,1,2
61044,1,2
61046,1,2
61054,1,2
61071,1,2
61080,1,2
61088,1,2
61095,1,2
61100,1,2
61109,1,2
61138,1,2
61219,1,2
61226,1,2
61248,1,2
61285,1,2
61288,1,2
61303,1,2
61324,1,2
61347,1,2
61379,1,2
61382,1,2
61400,1,2
61404,1,2
61412,1,2
61428,1,2
61434,1,2
61549,1,2
61596,1,2
61604,1,2
61615,1,2
61622,1,2
61658,1,2
61660,1,2
61676,1,2
61677,1,2
61679,1,2
61680,1,2
61691,1,2
61706,1,2
61711,1,2
61714,1,2
61723,1,2
61750,1,2
61752,1,2
61769,1,2
61791,1,2
61819,1,2
61829,1,2
61834,1,2
61873,1,2
61874,1,2
61891,1,2
61904,1,2
61933,1,2
61945,1,2
61958,1,2
61982,1,2
62033,1,2
62129,1,2
62131,1,2
62179,1,2
62191,1,2
62218,1,2
62229,1,2
62239,1,2
62244,1,2
62312,1,2
62325,1,2
62358,1,2
62398,1,2
62403,1,2
62416,1,2
62430,1,2
62431,1,2
62476,1,2
62504,1,2
62537,1,2
62538,1,2
62551,1,2
62556,1,2
62618,1,2
62632,1,2
62639,1,2
62676,1,2
62683,1,2
62684,1,2
62737,1,2
62745,1,2
62764,1,2
62804,1,2
62806,1,2
62859,1,2
62887,1,2
62894,1,2
62921,1,2
62983,1,2
63012,1,2
63014,1,2
63030,1,2
63034,1,2
63046,1,2
63094,1,2
63105,1,2
63119,1,2
63155,1,2
63168,1,2
63193,1,2
63206,1,2
63212,1,2
63221,1,2
63253,1,2
63273,1,2
63285,1,2
63302,1,2
63304,1,2
63321,1,2
63339,1,2
63386,1,2
63407,1,2
63417,1,2
63476,1,2
63481,1,2
63503,1,2
63522,1,2
63628,1,2
63643,1,2
63646,1,2
63669,1,2
63709,1,2
63726,1,2
63729,1,2
63745,1,2
63774,1,2
63807,1,2
63845,1,2
63860,1,2
63902,1,2
63922,1,2
63938,1,2
63972,1,2
63981,1,2
64018,1,2
64068,1,2
64104,1,2
64108,1,2
64113,1,2
64123,1,2
64147,1,2
64156,1,2
64157,1,2
64164,1,2
64172,1,2
64205,1,2
64212,1,2
64265,1,2
64341,1,2
64392,1,2
64453,1,2
64513,1,2
64516,1,2
64553,1,2
64594,1,2
64611,1,2
64631,1,2
64633,1,2
64644,1,2
64667,1,2
64683,1,2
64719,1,2
64743,1,2
64750,1,2
64752,1,2
64757,1,2
64765,1,2
64840,1,2
64856,1,2
64859,1,2
64893,1,2
64898,1,2
64904,1,2
64909,1,2
64912,1,2
64931,1,2
64938,1,2
65011,1,2
65025,1,2
65033,1,2
65050,1,2
65067,1,2
65141,1,2
65153,1,2
65171,1,2
65226,1,2
65266,1,2
65268,1,2
65310,1,2
65377,1,2
65409,1,2
65456,1,2
65474,1,2
65501,1,2
65529,1,2
65558,1,2
65688,1,2
65696,1,2
65715,1,2
65792,1,2
65800,1,2
65954,1,2
65980,1,2
66055,1,2
66095,1,2
66119,1,2
66123,1,2
66156,1,2
66188,1,2
66220,1,2
66269,1,2
66283,1,2
66331,1,2
66338,1,2
66339,1,2
66361,1,2
66400,1,2
66416,1,2
66425,1,2
66478,1,2
66483,1,2
66525,1,2
66529,1,2
66634,1,2
66691,1,2
66736,1,2
66866,1,2
66902,1,2
66919,1,2
66954,1,2
66961,1,2
67042,1,2
67050,1,2
67120,1,2
67121,1,2
67161,1,2
67163,1,2
67188,1,2
67247,1,2
67330,1,2
67410,1,2
67433,1,2
67444,1,2
67448,1,2
67472,1,2
67481,1,2
67535,1,2
67580,1,2
67616,1,2
67623,1,2
67664,1,2
67670,1,2
67675,1,2
67705,1,2
67720,1,2
67756,1,2
67800,1,2
67856,1,2
67914,1,2
67959,1,2
67985,1,2
68009,1,2
68105,1,2
68108,1,2
68144,1,2
68147,1,2
68148,1,2
68160,1,2
68165,1,2
68216,1,2
68270,1,2
68319,1,2
68321,1,2
68434,1,2
68440,1,2
68453,1,2
68465,1,2
68475,1,2
68495,1,2
68518,1,2
68520,1,2
68547,1,2
68635,1,2
68683,1,2
68714,1,2
68732,1,2
68735,1,2
68755,1,2
68769,1,2
68802,1,2
68829,1,2
68844,1,2
68910,1,2
68948,1,2
69028,1,2
69146,1,2
69193,1,2
69198,1,2
69287,1,2
69344,1,2
69402,1,2
69406,1,2
69488,1,2
69699,1,2
69701,1,2
69730,1,2
69774,1,2
69796,1,2
69820,1,2
69899,1,2
69900,1,2
69942,1,2
69966,1,2
70000,1,2
70088,1,2
70161,1,2
70191,1,2
70257,1,2
70275,1,2
70359,1,2
70379,1,2
70404,1,2
70412,1,2
70437,1,2
70446,1,2
70448,1,2
70484,1,2
70486,1,2
70490,1,2
70518,1,2
70529,1,2
70543,1,2
70604,1,2
70627,1,2
70654,1,2
70733,1,2
70754,1,2
70768,1,2
70769,1,2
70802,1,2
70850,1,2
70893,1,2
70896,1,2
70902,1,2
70905,1,2
70938,1,2
71005,1,2
71009,1,2
71038,1,2
71039,1,2
71059,1,2
71091,1,2
71121,1,2
71127,1,2
71147,1,2
71170,1,2
71171,1,2
71185,1,2
71201,1,2
71222,1,2
71233,1,2
71268,1,2
71300,1,2
71309,1,2
71322,1,2
71349,1,2
71370,1,2
71383,1,2
71410,1,2
71426,1,2
71428,1,2
71439,1,2
71455,1,2
71502,1,2
71507,1,2
71582,1,2
71622,1,2
71673,1,2
71696,1,2
71713,1,2
71720,1,2
71774,1,2
71787,1,2
71788,1,2
71825,1,2
71877,1,2
71889,1,2
71895,1,2
71945,1,2
71950,1,2
71961,1,2
71994,1,2
72045,1,2
72054,1,2
72062,1,2
72092,1,2
72094,1,2
72185,1,2
72218,1,2
72224,1,2
72246,1,2
72251,1,2
72277,1,2
72294,1,2
72312,1,2
72324,1,2
72326,1,2
72392,1,2
72408,1,2
72428,1,2
72438,1,2
72486,1,2
72538,1,2
72546,1,2
72560,1,2
72577,1,2
72579,1,2
72612,1,2
72676,1,2
72692,1,2
72707,1,2
72736,1,2
72758,1,2
72779,1,2
72790,1,2
72821,1,2
72853,1,2
72924,1,2
73001,1,2
73015,1,2
73093,1,2
73096,1,2
73250,1,2
73251,1,2
73291,1,2
73333,1,2
73337,1,2
73352,1,2
73353,1,2
73363,1,2
73441,1,2
73467,1,2
73508,1,2
73554,1,2
73722,1,2
73778,1,2
73801,1,2
73851,1,2
73869,1,2
73885,1,2
73997,1,2
73999,1,2
74040,1,2
74075,1,2
74171,1,2
74199,1,2
74231,1,2
74308,1,2
74337,1,2
74475,1,2
74578,1,2
74622,1,2
74662,1,2
74717,1,2
74719,1,2
74726,1,2
74750,1,2
74751,1,2
74890,1,2
74915,1,2
74932,1,2
74939,1,2
74961,1,2
74999,1,2
75089,1,2
75116,1,2
75141,1,2
75176,1,2
75191,1,2
75202,1,2
75277,1,2
75289,1,2
75297,1,2
75326,1,2
75357,1,2
75366,1,2
75425,1,2
75427,1,2
75436,1,2
75455,1,2
75501,1,2
75526,1,2
75529,1,2
75600,1,2
75615,1,2
75650,1,2
75654,1,2
75691,1,2
75751,1,2
75767,1,2
75770,1,2
75786,1,2
75806,1,2
75854,1,2
75879,1,2
75888,1,2
75892,1,2
75907,1,2
75967,1,2
75977,1,2
76107,1,2
76110,1,2
76142,1,2
76144,1,2
76151,1,2
76165,1,2
76216,1,2
76270,1,2
76280,1,2
76337,1,2
76345,1,2
76378,1,2
76387,1,2
76406,1,2
76415,1,2
76422,1,2
76424,1,2
76519,1,2
76540,1,2
76564,1,2
76580,1,2
76611,1,2
76612,1,2
76669,1,2
76691,1,2
76698,1,2
76700,1,2
76702,1,2
76703,1,2
76761,1,2
76800,1,2
76822,1,2
76823,1,2
76873,1,2
76874,1,2
76893,1,2
76906,1,2
76936,1,2
77048,1,2
77067,1,2
77079,1,2
77162,1,2
77195,1,2
77212,1,2
77391,1,2
77393,1,2
77423,1,2
77471,1,2
77483,1,2
77624,1,2
77688,1,2
77696,1,2
77736,1,2
77767,1,2
77792,1,2
77811,1,2
77826,1,2
77843,1,2
77851,1,2
77857,1,2
77876,1,2
77982,1,2
78009,1,2
78053,1,2
78102,1,2
78110,1,2
78143,1,2
78169,1,2
78175,1,2
78182,1,2
78224,1,2
78229,1,2
78230,1,2
78255,1,2
78270,1,2
78275,1,2
78291,1,2
78367,1,2
78372,1,2
78495,1,2
78501,1,2
78511,1,2
78533,1,2
78559,1,2
78566,1,2
78584,1,2
78618,1,2
78739,1,2
78828,1,2
78843,1,2
78852,1,2
78865,1,2
78879,1,2
78899,1,2
78957,1,2
78962,1,2
78983,1,2
79019,1,2
79021,1,2
79046,1,2
79178,1,2
79230,1,2
79283,1,2
79295,1,2
79297,1,2
79356,1,2
79434,1,2
79454,1,2
79527,1,2
79686,1,2
79692,1,2
79711,1,2
79730,1,2
79735,1,2
79742,1,2
79752,1,2
79774,1,2
79780,1,2
79812,1,2
79840,1,2
79854,1,2
79894,1,2
79930,1,2
79944,1,2
80069,1,2
80181,1,2
80206,1,2
80219,1,2
80283,1,2
80320,1,2
80334,1,2
80367,1,2
80452,1,2
80481,1,2
80489,1,2
80494,1,2
80499,1,2
80509,1,2
80513,1,2
80548,1,2
80602,1,2
80622,1,2
80623,1,2
80764,1,2
80780,1,2
80821,1,2
80827,1,2
80909,1,2
80917,1,2
80942,1,2
81002,1,2
81044,1,2
81060,1,2
81158,1,2
81266,1,2
81322,1,2
81353,1,2
81366,1,2
81416,1,2
81479,1,2
81550,1,2
81567,1,2
81601,1,2
81611,1,2
81652,1,2
81657,1,2
81698,1,2
81712,1,2
81722,1,2
81729,1,2
81744,1,2
82054,1,2
82074,1,2
82108,1,2
82120,1,2
82348,1,2
82364,1,2
82379,1,2
82540,1,2
82547,1,2
82572,1,2
82577,1,2
82653,1,2
82667,1,2
82766,1,2
82803,1,2
82823,1,2
82879,1,2
82882,1,2
82953,1,2
83005,1,2
83101,1,2
83106,1,2
83182,1,2
83190,1,2
83246,1,2
83281,1,2
83282,1,2
83342,1,2
83382,1,2
83420,1,2
83424,1,2
83444,1,2
83446,1,2
83451,1,2
83468,1,2
83506,1,2
83511,1,2
83513,1,2
83588,1,2
83590,1,2
83600,1,2
83679,1,2
83697,1,2
83708,1,2
83722,1,2
83752,1,2
83766,1,2
83845,1,2
83871,1,2
83968,1,2
83976,1,2
84001,1,2
84017,1,2
84124,1,2
84163,1,2
84181,1,2
84215,1,2
84256,1,2
84258,1,2
84367,1,2
84376,1,2
84378,1,2
84488,1,2
84515,1,2
84604,1,2
84605,1,2
84672,1,2
84676,1,2
84681,1,2
84740,1,2
84749,1,2
84752,1,2
84786,1,2
84832,1,2
84900,1,2
84901,1,2
84966,1,2
85126,1,2
85143,1,2
85155,1,2
85172,1,2
85221,1,2
85223,1,2
85256,1,2
85309,1,2
85321,1,2
85341,1,2
85436,1,2
85454,1,2
85460,1,2
85490,1,2
85507,1,2
85526,1,2
85527,1,2
85538,1,2
85610,1,2
85620,1,2
85638,1,2
85767,1,2
85787,1,2
85867,1,2
85933,1,2
85945,1,2
86020,1,2
86058,1,2
86109,1,2
86122,1,2
86166,1,2
86173,1,2
86211,1,2
86231,1,2
86239,1,2
86276,1,2
86407,1,2
86468,1,2
86493,1,2
86499,1,2
86511,1,2
86521,1,2
86569,1,2
86576,1,2
86590,1,2
86620,1,2
86634,1,2
86640,1,2
86686,1,2
86703,1,2
86715,1,2
86736,1,2
86769,1,2
86773,1,2
86778,1,2
86784,1,2
86816,1,2
86843,1,2
86931,1,2
86960,1,2
86963,1,2
86987,1,2
87025,1,2
87109,1,2
87141,1,2
87155,1,2
87170,1,2
87189,1,2
87229,1,2
87233,1,2
87239,1,2
87275,1,2
87283,1,2
87352,1,2
87422,1,2
87428,1,2
87439,1,2
87448,1,2
87493,1,2
87512,1,2
87557,1,2
87571,1,2
87586,1,2
87632,1,2
87657,1,2
87730,1,2
87755,1,2
87803,1,2
87905,1,2
87940,1,2
87988,1,2
88020,1,2
88079,1,2
88100,1,2
88122,1,2
88149,1,2
88212,1,2
88240,1,2
88244,1,2
88262,1,2
88282,1,2
88293,1,2
88340,1,2
88394,1,2
88429,1,2
88476,1,2
88553,1,2
88606,1,2
88637,1,2
88658,1,2
88716,1,2
88735,1,2
88741,1,2
88747,1,2
88774,1,2
88798,1,2
88809,1,2
88817,1,2
88823,1,2
88870,1,2
88913,1,2
88926,1,2
88947,1,2
88952,1,2
88974,1,2
88990,1,2
89001,1,2
89039,1,2
89080,1,2
89081,1,2
89084,1,2
89097,1,2
89099,1,2
89111,1,2
89130,1,2
89181,1,2
89240,1,2
89244,1,2
89258,1,2
89261,1,2
89268,1,2
89279,1,2
89363,1,2
89408,1,2
89412,1,2
89441,1,2
89442,1,2
89445,1,2
89552,1,2
89572,1,2
89621,1,2
89662,1,2
89686,1,2
89939,1,2
89946,1,2
90014,1,2
90030,1,2
90036,1,2
90064,1,2
90108,1,2
90149,1,2
90163,1,2
90165,1,2
90173,1,2
90192,1,2
90222,1,2
90241,1,2
90264,1,2
90342,1,2
90389,1,2
90410,1,2
90465,1,2
90493,1,2
90505,1,2
90513,1,2
90517,1,2
90544,1,2
90563,1,2
90635,1,2
90644,1,2
90645,1,2
90700,1,2
90707,1,2
90715,1,2
90730,1,2
90750,1,2
90757,1,2
90771,1,2
90773,1,2
90787,1,2
90810,1,2
90855,1,2
90937,1,2
91016,1,2
91044,1,2
91051,1,2
91075,1,2
91102,1,2
91104,1,2
91139,1,2
91254,1,2
91332,1,2
91348,1,2
91353,1,2
91393,1,2
91408,1,2
91469,1,2
91487,1,2
91506,1,2
91507,1,2
91522,1,2
91523,1,2
91541,1,2
91553,1,2
91598,1,2
91624,1,2
91646,1,2
91663,1,2
91667,1,2
91770,1,2
91777,1,2
91779,1,2
91820,1,2
91821,1,2
91882,1,2
91914,1,2
92029,1,2
92075,1,2
92164,1,2
92186,1,2
92215,1,2
92294,1,2
92296,1,2
92312,1,2
92356,1,2
92371,1,2
92439,1,2
92494,1,2
92517,1,2
92559,1,2
92607,1,2
92645,1,2
92649,1,2
92663,1,2
92666,1,2
92677,1,2
92682,1,2
92724,1,2
92733,1,2
92734,1,2
92756,1,2
92763,1,2
92807,1,2
92814,1,2
92837,1,2
92929,1,2
92931,1,2
92956,1,2
93018,1,2
93024,1,2
93036,1,2
93039,1,2
93100,1,2
93130,1,2
93157,1,2
93185,1,2
93222,1,2
93229,1,2
93234,1,2
93282,1,2
93302,1,2
93345,1,2
93369,1,2
93397,1,2
93405,1,2
93470,1,2
93490,1,2
93508,1,2
93542,1,2
93572,1,2
93575,1,2
93587,1,2
93612,1,2
93644,1,2
93698,1,2
93718,1,2
93764,1,2
93786,1,2
93791,1,2
93831,1,2
93879,1,2
93893,1,2
93948,1,2
93975,1,2
94020,1,2
94192,1,2
94222,1,2
94226,1,2
94228,1,2
94232,1,2
94254,1,2
94262,1,2
94308,1,2
94375,1,2
94403,1,2
94489,1,2
94511,1,2
94516,1,2
94529,1,2
94551,1,2
94570,1,2
94579,1,2
94602,1,2
94609,1,2
94616,1,2
94653,1,2
94654,1,2
94655,1,2
94688,1,2
94711,1,2
94716,1,2
94752,1,2
94762,1,2
94763,1,2
94773,1,2
94845,1,2
94847,1,2
94875,1,2
94882,1,2
94923,1,2
94929,1,2
95003,1,2
95042,1,2
95084,1,2
95127,1,2
95129,1,2
95139,1,2
95224,1,2
95226,1,2
95282,1,2
95310,1,2
95407,1,2
95420,1,2
95448,1,2
95511,1,2
95609,1,2
95619,1,2
95621,1,2
95654,1,2
95678,1,2
95709,1,2
95776,1,2
95844,1,2
95850,1,2
95860,1,2
95863,1,2
95891,1,2
95909,1,2
96085,1,2
96136,1,2
96160,1,2
96167,1,2
96211,1,2
96227,1,2
96246,1,2
96269,1,2
96290,1,2
96366,1,2
96395,1,2
96472,1,2
96482,1,2
96518,1,2
96519,1,2
96534,1,2
96541,1,2
96620,1,2
96633,1,2
96642,1,2
96702,1,2
96777,1,2
96832,1,2
96883,1,2
96907,1,2
96922,1,2
96991,1,2
96997,1,2
97029,1,2
97034,1,2
97077,1,2
97136,1,2
97169,1,2
97189,1,2
97227,1,2
97259,1,2
97303,1,2
97380,1,2
97403,1,2
97440,1,2
97526,1,2
97600,1,2
97641,1,2
97643,1,2
97654,1,2
97701,1,2
97709,1,2
97763,1,2
97770,1,2
97805,1,2
97810,1,2
97909,1,2
97945,1,2
97969,1,2
97979,1,2
97989,1,2
98059,1,2
98131,1,2
98132,1,2
98161,1,2
98241,1,2
98247,1,2
98276,1,2
98279,1,2
98318,1,2
98332,1,2
98362,1,2
98375,1,2
98419,1,2
98450,1,2
98472,1,2
98495,1,2
98498,1,2
98546,1,2
98584,1,2
98653,1,2
98684,1,2
98685,1,2
98686,1,2
98694,1,2
98697,1,2
98706,1,2
98709,1,2
98806,1,2
98824,1,2
98842,1,2
98883,1,2
98925,1,2
98985,1,2
99085,1,2
99086,1,2
99109,1,2
99141,1,2
99146,1,2
99284,1,2
99309,1,2
99316,1,2
99390,1,2
99437,1,2
99465,1,2
99488,1,2
298,2,2
403,2,2
691,2,2
1035,2,2
1352,2,2
1600,2,1
1668,2,1
1924,2,2
1954,2,1
2052,2,2
2913,2,1
3291,2,1
3401,2,2
3456,2,2
3580,2,2
3712,2,1
4605,2,2
5020,2,2
5128,2,1
5219,2,1
5412,2,2
6107,2,1
6739,2,1
6798,2,1
6827,2,2
6941,2,2
7268,2,1
7417,2,2
7459,2,1
7477,2,1
7536,2,2
7636,2,2
8737,2,2
8852,2,2
8948,2,2
9090,2,2
9344,2,2
9744,2,2
9755,2,2
10133,2,1
11854,2,2
11871,2,2
12258,2,1
12681,2,2
13144,2,1
13153,2,2
13322,2,2
13384,2,2
14309,2,2
14483,2,2
15401,2,2
16578,2,2
17673,2,2
17888,2,1
17914,2,1
18077,2,2
18126,2,2
19305,2,1
19410,2,1
19471,2,2
20338,2,2
20628,2,2
20683,2,2
20816,2,1
21239,2,2
21249,2,1
21734,2,2
23069,2,2
23070,2,2
23763,2,2
23868,2,1
24024,2,2
24166,2,1
24226,2,2
24489,2,2
24854,2,2
25314,2,2
25614,2,2
25653,2,2
26101,2,2
26176,2,2
26552,2,1
26585,2,2
26848,2,2
26986,2,2
27779,2,2
27890,2,1
28226,2,2
28336,2,2
28345,2,2
28842,2,2
29696,2,2
29834,2,2
30408,2,2
30547,2,1
30650,2,2
31431,2,1
31554,2,2
31742,2,1
32138,2,2
32192,2,2
32555,2,1
32918,2,2
32963,2,2
33043,2,2
33304,2,2
35355,2,2
37549,2,2
38579,2,1
39084,2,2
39472,2,2
39584,2,2
40417,2,2
40526,2,2
40734,2,2
41103,2,1
41477,2,2
43100,2,2
43451,2,2
43653,2,1
45004,2,2
46043,2,1
46672,2,2
47768,2,2
48152,2,1
48242,2,2
48377,2,2
49390,2,1
49858,2,2
50786,2,2
50959,2,1
50990,2,1
51004,2,2
51764,2,2
52171,2,1
52206,2,1
52929,2,2
53465,2,2
54736,2,2
54737,2,1
54789,2,2
54829,2,2
55262,2,1
55379,2,1
55595,2,1
56383,2,2
58326,2,2
59739,2,1
60259,2,1
61138,2,2
61984,2,1
62891,2,2
62964,2,2
63091,2,2
63105,2,2
63418,2,2
64148,2,2
64428,2,2
64631,2,1
64706,2,2
64856,2,1
65315,2,2
66224,2,2
66283,2,1
66473,2,2
66688,2,1
67692,2,1
68203,2,1
68598,2,2
69638,2,1
69780,2,1
71222,2,1
71349,2,2
71410,2,2
72438,2,2
72755,2,2
72922,2,1
72987,2,2
75087,2,2
75141,2,2
75310,2,2
75432,2,2
75487,2,2
76904,2,1
76997,2,2
78618,2,2
79787,2,1
81698,2,2
81744,2,2
84752,2,2
84909,2,2
85527,2,2
85888,2,2
86310,2,2
86588,2,1
87174,2,2
87867,2,2
88015,2,1
89441,2,2
89640,2,2
90644,2,1
92734,2,1
93100,2,1
93470,2,1
94293,2,2
95440,2,2
95630,2,1
96095,2,2
96493,2,2
97086,2,2
98862,2,2
439,3,2
445,3,2
618,3,2
715,3,1
1116,3,1
1392,3,2
1397,3,2
1453,3,2
1520,3,1
1832,3,2
2073,3,2
2090,3,2
2214,3,2
2691,3,2
2960,3,1
3232,3,1
3359,3,1
3724,3,2
4275,3,2
4383,3,1
4734,3,2
5512,3,2
5827,3,1
5891,3,1
6047,3,1
6175,3,2
7440,3,2
8581,3,2
9407,3,1
10431,3,2
10453,3,2
10689,3,2
11423,3,2
11801,3,2
11935,3,1
12241,3,2
12563,3,2
12767,3,2
13222,3,2
14108,3,1
14273,3,2
14653,3,1
15866,3,1
16078,3,2
16485,3,1
16743,3,1
17673,3,1
19353,3,2
19471,3,1
19745,3,1
19759,3,2
20825,3,2
21158,3,2
21291,3,1
21866,3,2
22163,3,1
22813,3,2
23096,3,2
24248,3,1
24281,3,2
24925,3,1
24936,3,2
25115,3,2
25368,3,2
25876,3,2
25931,3,2
27862,3,1
28376,3,1
28603,3,1
29427,3,1
29492,3,1
30193,3,1
30445,3,2
30567,3,2
31152,3,2
31173,3,2
31732,3,2
32209,3,1
32727,3,2
33057,3,2
35489,3,1
35937,3,2
35947,3,2
37160,3,2
37165,3,2
39084,3,2
39337,3,2
40111,3,2
41742,3,2
42071,3,2
42212,3,1
42234,3,1
42402,3,1
43547,3,2
43693,3,2
44726,3,1
46692,3,2
47468,3,1
47892,3,1
48176,3,2
48697,3,1
48796,3,2
51740,3,2
51754,3,2
52468,3,2
53741,3,1
53847,3,2
54385,3,1
54596,3,1
54649,3,1
54889,3,1
56113,3,1
56270,3,1
56615,3,1
56708,3,2
57332,3,2
58451,3,2
58873,3,2
60719,3,2
61150,3,2
62244,3,1
62439,3,2
62676,3,1
65277,3,2
65558,3,2
66363,3,2
66688,3,2
66914,3,1
67704,3,1
67788,3,2
70039,3,1
71100,3,2
71349,3,2
77765,3,2
78255,3,1
78434,3,1
78865,3,1
78957,3,1
81053,3,1
83353,3,1
84509,3,2
85216,3,1
86380,3,1
86521,3,1
87327,3,2
88051,3,2
89244,3,2
89643,3,1
90810,3,1
91063,3,2
93726,3,1
96991,3,1
97810,3,2
98847,3,1
11,4,2
27,4,2
237,4,2
1060,4,2
1269,4,2
2710,4,2
3381,4,2
3712,4,1
3727,4,1
3889,4,1
4216,4,2
4683,4,2
5131,4,2
5150,4,2
5219,4,1
5384,4,2
5472,4,2
5489,4,1
5508,4,1
5604,4,2
5761,4,2
5768,4,2
5809,4,1
6425,4,1
6827,4,2
7125,4,2
7136,4,2
7195,4,2
7593,4,2
7729,4,2
8496,4,1
8737,4,2
9035,4,2
9759,4,1
10619,4,2
11192,4,2
11308,4,2
11751,4,2
13089,4,1
13382,4,1
13384,4,2
13750,4,2
14143,4,2
14400,4,2
15401,4,2
15833,4,2
16504,4,1
17142,4,2
17476,4,2
17504,4,1
17834,4,2
18126,4,1
18454,4,2
19262,4,2
19779,4,2
20773,4,2
21239,4,2
21505,4,1
21734,4,2
22233,4,1
22521,4,2
22638,4,1
22723,4,2
23696,4,2
24051,4,2
24074,4,2
24782,4,2
24840,4,2
25516,4,2
25672,4,2
25751,4,2
26628,4,2
26660,4,2
27399,4,2
28368,4,2
28585,4,2
29834,4,2
30001,4,1
30014,4,1
30331,4,2
30650,4,2
30676,4,2
30925,4,1
31753,4,2
31906,4,2
32334,4,2
32373,4,2
33503,4,2
34647,4,2
36160,4,1
42623,4,2
42895,4,2
44238,4,2
46043,4,2
46333,4,2
46887,4,2
48609,4,2
48871,4,2
50210,4,1
52630,4,1
52667,4,1
53987,4,2
55595,4,1
55971,4,2
57009,4,1
58886,4,2
59343,4,2
59630,4,1
59739,4,1
59954,4,2
60259,4,2
60605,4,1
60628,4,2
61565,4,2
61674,4,2
63091,4,2
63871,4,1
64392,4,2
66283,4,2
67433,4,2
67650,4,2
67692,4,2
67956,4,1
68847,4,1
70905,4,2
71825,4,2
72612,4,2
73140,4,1
75087,4,2
75149,4,1
75432,4,2
79844,4,2
80334,4,2
81375,4,2
81379,4,1
83799,4,2
84450,4,1
86358,4,1
86773,4,2
88523,4,2
89244,4,2
89829,4,2
91523,4,2
91975,4,2
94371,4,2
94688,4,1
97835,4,2
2323,5,2
6276,5,2
7851,5,2
8709,5,2
16102,5,2
22163,5,2
23125,5,1
24404,5,2
30193,5,2
30556,5,2
33230,5,2
34044,5,2
34045,5,2
37990,5,2
38805,5,2
39281,5,2
40041,5,1
46755,5,1
49496,5,2
51692,5,2
52724,5,2
53114,5,2
54227,5,2
54598,5,2
56983,5,2
58248,5,2
58455,5,1
59630,5,2
61622,5,1
62184,5,2
62504,5,2
66591,5,2
67740,5,2
76912,5,2
77254,5,2
86823,5,1
87988,5,1
88741,5,1
89829,5,1
93369,5,1
94773,5,2
2672,6,2
5384,6,2
6318,6,2
10866,6,2
13451,6,2
19797,6,2
24269,6,2
25751,6,2
26585,6,2
30567,6,2
32727,6,2
34556,6,2
45004,6,2
46220,6,2
48630,6,2
50087,6,2
54098,6,1
55379,6,2
55614,6,1
57035,6,1
58626,6,2
60479,6,2
60628,6,2
62229,6,1
63418,6,2
65529,6,2
65676,6,1
71300,6,2
75501,6,2
403,7,1
899,7,1
1409,7,2
1556,7,1
4895,7,2
10881,7,1
12284,7,2
16991,7,2
24491,7,2
26455,7,2
26585,7,2
26862,7,1
27611,7,1
28655,7,2
29834,7,1
29844,7,2
29862,7,2
30000,7,2
30977,7,2
31431,7,1
31940,7,2
33569,7,2
33631,7,1
33970,7,1
34182,7,2
34556,7,2
35355,7,2
35992,7,2
41318,7,2
42417,7,2
43114,7,2
44990,7,2
48310,7,1
49066,7,2
58749,7,1
60589,7,1
60653,7,2
63012,7,1
67720,7,2
69667,7,1
70340,7,2
75087,7,2
77301,7,1
79944,7,2
84011,7,2
88853,7,1
91401,7,1
93110,7,1
95440,7,2
96585,7,2
96907,7,2
98419,7,2
2254,8,2
8775,8,2
12828,8,1
21766,8,2
23128,8,1
24430,8,2
27717,8,2
30777,8,2
31370,8,2
34875,8,1
41954,8,2
47194,8,2
48116,8,1
54594,8,1
79730,8,2
34443,9,1
47357,10,2
86276,10,1
